time,is_gpt4,gpt_version,overall_nsamples,overall_mean_turns,overall_mean_conversation_length,overall_mean_prompt_length,concept_diversity,concept_diversity_filtered,concept_diversity_user_concepts_explicit,concept_diversity_assistant_concepts_explicit,concept_diversity_user_concepts_related,concept_diversity_assistant_concepts_related,concept_diversity_user,concept_diversity_user_filtered,concept_diversity_assistant,concept_diversity_assistant_filtered
118,0,2,1913,3.1217982226868792,4660.775744903293,2724.942498693152,14.33355976576488,16.046991243130407,14.681721656997103,14.708901929411862,12.03236804868375,13.05047971118165,13.082726218015802,16.007255128974762,14.261136690198649,15.996562121405331
118,2,2,5455,4.493125572868927,7728.501008249313,3454.434463794684,15.738495264880392,16.588621545665607,16.59006016233375,15.958313454202834,14.453423407466477,15.098063417886253,15.452907428767205,16.747895849857667,15.714490942594892,16.544137178105707
114,1,2,4271,5.145867478342309,7388.428705221259,2548.705923671271,16.465976010387312,16.69464575676777,16.972526454013675,16.637363899026447,15.769609404005953,16.120408842486405,16.278370281008716,16.59826000429943,16.503809958302927,16.70267075153533
114,2,2,7241,4.245822400220964,6395.350642176495,2734.086452147493,15.55570765057127,16.493535191230126,16.125404545301087,15.802367111598858,14.148730674073837,14.738190826146154,14.899910989983265,16.45350709739615,15.490315805223393,16.46062415536022
26,0,0,5719,5.289036544850498,4059.464941423326,1218.0540304248996,16.392215913671624,16.593151455997898,17.122191620183266,16.44560995224861,15.776870675624844,15.862965457176891,16.425406044914748,16.668133479696774,16.306967714538565,16.498326491666802
26,2,0,5719,5.289036544850498,4059.464941423326,1218.0540304248996,16.392215913671624,16.593151455997898,17.122191620183266,16.44560995224861,15.776870675624844,15.862965457176891,16.425406044914748,16.668133479696774,16.306967714538565,16.498326491666802
30,0,1,8206,5.170119424811114,3726.159395564221,884.2252010723861,16.366971568149786,16.579845768631355,16.93277354664787,16.50258494313607,15.61598569608959,15.915347840513933,16.21206468935858,16.490451970254025,16.357298938533155,16.569857937627393
30,2,1,8206,5.170119424811114,3726.159395564221,884.2252010723861,16.366971568149786,16.579845768631355,16.93277354664787,16.50258494313607,15.61598569608959,15.915347840513933,16.21206468935858,16.490451970254025,16.357298938533155,16.569857937627393
114,0,2,2970,2.9515151515151516,4967.257575757576,3000.6723905723907,14.488703246551632,16.205580298380827,15.018411873627462,14.870298419070052,12.185149187651794,13.046130578066144,13.201455077333994,16.21855004797955,14.344420040920207,16.12391690763464
57,0,1,4579,4.093033413409041,3904.138239790347,1071.6562568246343,16.25780439967371,16.681065943860776,17.01490627925202,16.4032651833934,15.479176108326174,15.77114302664614,16.123273220875888,16.692410034262174,16.22725515797641,16.656703669195156
57,2,1,4579,4.093033413409041,3904.138239790347,1071.6562568246343,16.25780439967371,16.681065943860776,17.01490627925202,16.4032651833934,15.479176108326174,15.77114302664614,16.123273220875888,16.692410034262174,16.22725515797641,16.656703669195156
41,0,1,5590,3.984973166368515,4239.715742397138,1470.7767441860465,15.933118694846844,16.553999873628758,16.65777207868607,16.048949121698517,14.960079270548864,15.300384737056442,15.673983999751766,16.57406132181759,15.84425620418271,16.486622643014904
41,2,1,5590,3.984973166368515,4239.715742397138,1470.7767441860465,15.933118694846844,16.553999873628758,16.65777207868607,16.048949121698517,14.960079270548864,15.300384737056442,15.673983999751766,16.57406132181759,15.84425620418271,16.486622643014904
8,0,0,7694,6.459059007018456,3627.003899142189,812.1779308552118,16.347719971494207,16.562435602188717,17.171180162113192,16.471456835579787,15.741573447533666,15.851045780167436,16.367381162935366,16.631669898240723,16.328567813052437,16.543891758653746
8,2,0,10194,5.7196390033352955,4033.4662546596037,1069.9851873651166,16.442784921564073,16.638499066287274,17.16936523742305,16.600658008199563,15.762431715807791,15.929731390551762,16.382801508963663,16.613643841645075,16.43061690026391,16.627219554964565
91,0,1,2180,3.507339449541284,5230.080733944954,2358.1183486238533,14.963120897411432,16.340630964352044,15.37113639093036,15.26122145146591,13.246119001318721,13.974371615556798,14.108094995994561,16.399141313939307,14.896180603638053,16.301036717055133
91,2,1,4088,4.801859099804306,7497.78595890411,3090.6619373776907,15.7459619169404,16.59330689994475,16.28303698895101,15.96118059832836,14.550073661560585,15.108917855176536,15.286749460063916,16.581326559275542,15.717033278932849,16.580328569797445
31,0,1,7858,4.38432171035887,4031.1030796640366,1287.6084245355053,15.919062678493217,16.527936341958945,16.614294042592924,16.060296222278403,14.9891110131886,15.403449007464953,15.654257488844394,16.579115843044427,15.877181676253906,16.494148802192818
31,2,1,7858,4.38432171035887,4031.1030796640366,1287.6084245355053,15.919062678493217,16.527936341958945,16.614294042592924,16.060296222278403,14.9891110131886,15.403449007464953,15.654257488844394,16.579115843044427,15.877181676253906,16.494148802192818
66,0,1,5954,4.126637554585153,3768.100604635539,1103.1313402754452,15.99868200786523,16.512140059177256,16.55519610706074,16.090516823277095,15.204104284590521,15.485266784308944,15.772566035547007,16.528756562530305,15.934484396731197,16.450898273522675
66,2,1,5954,4.126637554585153,3768.100604635539,1103.1313402754452,15.99868200786523,16.512140059177256,16.55519610706074,16.090516823277095,15.204104284590521,15.485266784308944,15.772566035547007,16.528756562530305,15.934484396731197,16.450898273522675
110,0,2,2311,3.48334054521852,4518.5521419299,2596.131544785807,14.436076779306172,16.098709540630335,14.630526546426257,14.76694885982752,12.01637685894369,13.087681868034275,12.989853578640968,15.89478221179694,14.307147380985793,16.04836905664542
110,2,1,6517,4.39312567132116,6093.713978824612,2633.5172625441155,15.721998498317312,16.5280467952555,16.0558549682701,15.928536395601947,14.564773035067576,15.177682376392674,15.164087346025758,16.412828742271426,15.711224870812368,16.543186269129386
60,0,1,5424,4.658554572271386,4356.018620943953,1305.2877949852507,16.080218942772373,16.625005158224244,16.88462657443865,16.19078609800743,15.22874942715402,15.527584286689876,15.930562749341373,16.75474646590654,16.010846626421138,16.558689409972512
60,2,1,5424,4.658554572271386,4356.018620943953,1305.2877949852507,16.080218942772373,16.625005158224244,16.88462657443865,16.19078609800743,15.22874942715402,15.527584286689876,15.930562749341373,16.75474646590654,16.010846626421138,16.558689409972512
75,0,1,7404,4.415721231766613,4157.027147487845,1186.642760669908,15.982811176651106,16.518392465490944,16.571127059942185,16.123295045488593,15.006088187452919,15.408970839607223,15.66181535659081,16.484020802701597,15.930298835037917,16.47128331167327
75,2,1,8280,4.606280193236715,4477.914734299517,1295.8246376811594,16.068624932955807,16.56238099984521,16.64889011051863,16.206914096520567,15.140524619405056,15.512377739952818,15.766757247940646,16.516571897001572,16.0187524320044,16.516110859419864
103,0,1,1506,3.812749003984064,4864.964143426295,1945.5883134130147,15.624557255785765,16.37179854142826,16.177508790846062,15.773561961954014,14.544891475032989,15.061599954509443,15.227226135790712,16.300976524340903,15.570711293495181,16.31849352451035
103,2,1,3620,4.533149171270718,6704.108287292817,2580.428729281768,16.208263346436045,16.65434663114176,16.69795946488218,16.400564928804584,15.42488498607803,15.805212499617687,15.967833184029745,16.573972456407738,16.225834128908,16.65497501376281
35,0,1,5787,3.850008640055296,4194.259374459996,1514.353205460515,16.028738155822957,16.66938061839584,17.060986382431715,16.233585531070187,14.847920670564324,15.212862728674533,15.847417958351832,16.779150068428148,15.946686443919495,16.615147106035426
35,2,1,5787,3.850008640055296,4194.259374459996,1514.353205460515,16.028738155822957,16.66938061839584,17.060986382431715,16.233585531070187,14.847920670564324,15.212862728674533,15.847417958351832,16.779150068428148,15.946686443919495,16.615147106035426
71,0,1,6713,4.297333531952927,4029.900193654104,1231.168776999851,15.886757422440102,16.46863128029847,16.587491351004125,16.053608563685586,14.922352572907238,15.311495443821459,15.62356456708732,16.487192927084028,15.848713198812018,16.448911590830217
71,2,1,7288,4.398463227222832,4424.001920965971,1460.6679473106476,15.918617908830129,16.460899900484435,16.542374712983257,16.090675110178573,14.982580081140432,15.379178354871943,15.644137593674774,16.44141514906293,15.895628244502563,16.453050511496546
77,0,1,7424,4.354256465517241,4251.938846982759,1338.8265086206898,16.074153678374515,16.63184185804801,16.90638488119733,16.18954527071178,15.073632167335575,15.451573371832072,15.883572358356888,16.702968551352125,15.99913426236288,16.556291242600253
77,2,1,9683,4.749767633997728,5916.60735309305,2450.8811318806156,16.1946173828304,16.661963572542764,17.037323272490102,16.325135907824187,15.301565818066168,15.635828934748707,16.067315006736372,16.764295573254106,16.149966413939786,16.61362594581651
124,0,2,2723,3.6951891296364305,5359.762394417921,3116.5457216305545,14.31411036965698,16.176588094823543,14.773118157444404,14.714025095719073,11.763015234560987,12.920286619170588,12.923779309707879,16.14746169828622,14.224247957398493,16.155218163094904
124,2,2,7016,5.09236031927024,8249.934293044469,3972.668614595211,15.505198445545949,16.463087674583274,16.149043881746255,15.735357526220147,14.113890262493769,14.803358838198188,14.979640501860123,16.47204892243548,15.47780500941503,16.43853925389082
119,1,2,4197,5.372170598046224,9122.957588753872,3572.8644269716465,16.581620123723997,16.83575627092222,17.271851288701857,16.733601120909885,15.773579742926023,16.230976091021475,16.540878834157155,16.914562339537703,16.60388715758363,16.82517126115743
119,2,2,6153,4.7588168373151305,7669.090199902486,3245.637087599545,15.920924954856744,16.638819360454317,16.63832293536069,16.159220122034984,14.707680886497323,15.317655089246724,15.593036551049817,16.683193784333103,15.914492252833208,16.620391209654205
49,0,1,5279,3.811327903011934,4023.150596703921,1417.8050767190755,16.066665114984755,16.652275723458356,16.654967688644142,16.23926307229023,15.004394878528366,15.395584015966536,15.685953949584674,16.60477771709522,16.002385259563916,16.60020085039649
49,2,1,5279,3.811327903011934,4023.150596703921,1417.8050767190755,16.066665114984755,16.652275723458356,16.654967688644142,16.23926307229023,15.004394878528366,15.395584015966536,15.685953949584674,16.60477771709522,16.002385259563916,16.60020085039649
85,1,1,1997,5.7045568352528795,11067.460691036555,5683.13169754632,16.65856567857177,16.810459813323686,17.151948376490274,16.811383800547993,16.111930454173738,16.305635617597492,16.59964802788303,16.792508030006466,16.6726857251236,16.82085314119616
85,2,1,5032,4.598569157392687,7612.443163751987,3738.4503179650237,15.725761156452618,16.601287845020025,16.23050136355826,15.915520336159718,14.513232801472864,14.972010008989619,15.25598662494836,16.586642974789623,15.641686412141175,16.5723619430566
16,0,0,7490,5.356475300400534,3248.7639519359145,814.1046728971962,16.375001910337758,16.553438903143334,17.358186109264235,16.477981337393526,15.582046086356323,15.770232920646217,16.35315300046246,16.63425243554817,16.314808483827505,16.479248040969456
16,2,0,9546,4.948669599832391,3692.135239891054,1088.775822333962,16.468978564259032,16.64602969215806,17.341713664204356,16.583441910475116,15.668039472789738,15.907115639486218,16.420138926690473,16.683301460132355,16.41876589519066,16.583733159697257
92,0,1,2895,3.5951640759930914,5549.6804835924,2455.7474956822107,15.050852970278244,16.34421213831541,15.58793482186381,15.259878122750878,13.646771896576755,14.006366299039293,14.467180670289162,16.368693220048684,14.92061797662299,16.292540841843888
92,2,1,5007,4.589374875174755,8736.598761733572,4276.380067904933,15.703269956697731,16.56252950762055,16.315875755166722,15.881399027169854,14.73167795569893,15.042795809627801,15.411358714255472,16.603354682660566,15.644381693925682,16.541528372227024
92,1,1,2112,5.95217803030303,13105.030776515152,6771.991477272727,16.669331240793113,16.847221977980556,17.265193784182163,16.82524465616058,16.126708753837736,16.31976842211077,16.648293046806362,16.87737066056769,16.69305381287126,16.854884890413565
11,0,0,7205,5.781540596807773,3269.8205412907705,775.87120055517,16.463317353276395,16.62612356613305,17.245295903038354,16.526478202765272,15.806511483207908,16.055886914391525,16.438452078131704,16.692852672256706,16.42174002252044,16.575797937357414
11,2,0,9461,5.254201458619597,4072.364971990276,1275.9879505337701,16.55065084037583,16.71387490940641,17.246254054198257,16.638253152733782,15.893829810289006,16.134001503056755,16.5057023111153,16.74250619475521,16.51302540263578,16.667668174611745
122,1,2,4141,5.628109152378652,9918.093455687032,4203.037189084762,16.441838428472245,16.647606007128278,17.00952236939935,16.57148981826766,15.794052400129079,16.001568442539725,16.367274836104446,16.623263209523884,16.42317793778028,16.6208242237803
122,2,2,7350,4.717006802721088,7679.764353741497,3550.683537414966,15.53881956447005,16.384196026706952,16.246667708437176,15.778564929732307,14.23047631097337,14.740977066192954,15.134113482286937,16.35692284291744,15.471472447157268,16.333777544365876
22,0,0,9579,6.1841528343250864,3373.8134460799665,937.3906462052406,16.269399711724315,16.438083409636135,17.091548593786328,16.29938777405548,15.581921138396657,15.818804393172362,16.253985278820366,16.499859722445603,16.196260041370817,16.348573444104264
22,2,0,11211,5.775042369101775,3692.6728213361876,1153.5287663901524,16.321914812434343,16.49010736691927,17.052848257178194,16.368718192769713,15.646451121276101,15.905281719363195,16.28407184176478,16.514751641637027,16.2646653031425,16.416580366798556
17,0,0,8315,5.073481659651232,3156.0559230306676,928.3177390258569,16.421907131110423,16.58802883616436,17.521178512774373,16.52106485366397,15.744274733568123,15.950794307147383,16.5360459979728,16.774736990648062,16.384196014394483,16.537307315707498
17,2,0,10066,4.778462149811245,3552.7021657063383,1163.4241009338366,16.512535333193828,16.671443632820232,17.447649361947505,16.622931946527984,15.816271194522294,16.066580956764312,16.5488295065774,16.76699154770513,16.48221839749484,16.627427197921076
97,1,1,1638,5.527472527472527,10159.131257631258,4570.927960927961,16.69869627099833,16.915099639067233,17.352829750437223,16.84423616301729,16.103686643957843,16.40513477652926,16.70300054236588,16.942746388862695,16.721995807077832,16.909608579774602
97,2,1,2237,4.951274027715691,8903.611533303532,4049.2172552525703,16.13180560163392,16.770373231974276,16.783578587643603,16.34939033592586,15.297027091304756,15.725144722083222,15.966458388959033,16.817380330728337,16.16755550293469,16.79093901259036
123,0,2,2416,3.653973509933775,5187.189155629139,2936.5020695364237,14.466207815729607,16.112624350543037,15.224866128236195,14.8297534406189,12.199354246494657,13.174961738639826,13.440233881247234,16.196118817863212,14.364037657794377,16.037998713125212
123,2,2,6461,4.738894907908993,8541.853583036682,4283.3146571738125,15.715477567077496,16.514335698544965,16.3994286506219,15.932292911790162,14.496368453448465,15.027210223261813,15.369329815356865,16.541711469529375,15.674365751855733,16.482913820363265
123,1,2,4045,5.38689740420272,10545.529542645241,5087.739678615575,16.529779270235753,16.729703991882158,16.933483579997482,16.65336736071387,15.938068386415836,16.13634052485154,16.459321742435726,16.694715670094464,16.529207037844824,16.72188897181591
24,0,0,9947,5.572936563788077,3490.4166080225195,1056.0212124258571,16.38853825799467,16.547268732273448,17.106588818850522,16.41099322631587,15.637363749121702,15.878789225434664,16.354044832687116,16.546809649616716,16.286628628841747,16.431834565186996
24,2,0,10138,5.5360031564411125,3518.697770763464,1074.0724008680213,16.390397773889323,16.548505507568144,17.09889723061098,16.4147268413152,15.634738113510817,15.879103531199753,16.35022971558299,16.542225504066973,16.28849655899785,16.433256121811763
111,1,1,3884,4.700308959835222,6412.427909371781,2200.82929969104,16.5465092393382,16.762215809398178,16.849768132661563,16.721924152624993,16.058399005861663,16.310488502579208,16.400263451530687,16.703057133958076,16.614015005654043,16.802233904688393
111,2,1,6160,4.244805194805195,5745.636688311688,2326.760714285714,15.750513420312597,16.560104512553217,16.098754730205435,15.974768923760303,14.664852187216725,15.172828847648628,15.237847589071391,16.509053481560628,15.741111142099857,16.578605753830555
21,0,0,9719,5.960901327297047,3721.3242103097027,1291.8977261035086,16.2395026439721,16.415853087243043,17.12338932018308,16.285573185788266,15.440492829006065,15.82751668069166,16.23421186299588,16.4908110897588,16.192196729285055,16.35306924075274
21,2,0,11288,5.556697377746279,3865.9873316796597,1402.3396527285613,16.27728639983401,16.45406479899767,17.100218031534673,16.342569821917575,15.477272023607915,15.851759644504885,16.242774816508156,16.496622645443765,16.23491607669709,16.396582395174633
94,0,1,172,3.186046511627907,5528.470930232558,2715.9941860465115,14.600860935458146,16.234808162197748,15.44993492515456,14.817763946979232,12.626680614586277,13.719179111969083,13.941074401800991,16.371180947941177,14.53216428590964,16.153632731212262
94,2,1,1078,5.551020408163265,11871.352504638218,7085.701298701299,16.089355130714534,16.547624764899414,16.79528256813104,16.194643601787757,15.088460181965027,15.693610316893638,15.85093421344907,16.47077253861961,16.070778734335583,16.488820361765647
59,0,1,5298,4.7391468478671195,4250.715930539826,1112.3120045300113,16.230461261674254,16.64571377236823,16.95438836499257,16.37179030302857,15.510689297696688,15.663300769835491,16.160372307807883,16.705138214106164,16.167533487439762,16.588901978308606
59,2,1,5298,4.7391468478671195,4250.715930539826,1112.3120045300113,16.230461261674254,16.64571377236823,16.95438836499257,16.37179030302857,15.510689297696688,15.663300769835491,16.160372307807883,16.705138214106164,16.167533487439762,16.588901978308606
3,0,0,4891,7.219382539358005,3312.9153547331834,730.0239214884482,16.346239477589346,16.518733288585295,17.366009991547536,16.431332374119876,15.594417653312014,15.863120244706119,16.34864604008253,16.636812888652837,16.309426155418684,16.456347248692374
3,2,0,7401,6.123226591001216,4099.827996216727,1118.9052830698554,16.502302443265606,16.67301675209254,17.329883113558623,16.618101808254156,15.778784004951234,16.057822033827783,16.479854585467987,16.74011990171893,16.48293190467855,16.634506662232088
102,0,1,1185,3.5628691983122365,4497.752742616034,1527.1594936708861,15.467660882162996,16.162707970180723,15.418406503475248,15.426336589522775,14.786767054919226,15.184582040712062,15.103047731826297,15.837592713638365,15.361771421490923,16.021796230146915
102,2,1,3904,4.154713114754099,6851.893698770492,2837.9252049180327,16.18472852634727,16.58795795134173,16.234897739847383,16.277238392782614,15.522436499295933,16.04698283879784,15.838002115134344,16.304387055411432,16.21322500815984,16.611101539970274
15,0,0,9500,5.179157894736842,3071.5056842105264,864.932,16.393683333379432,16.558086575282356,17.164302453549134,16.472961924228592,15.6980951183512,16.013809448269612,16.326047588848592,16.57039656363097,16.36530830782039,16.51005551630919
15,2,0,11486,4.822914852864357,3375.352167856521,1067.8734981716873,16.471436190444525,16.633494797603163,17.17393031069502,16.55852245415555,15.783257500015608,16.08735593576501,16.398169916040384,16.629963317704426,16.442894087931492,16.588571871540534
3,1,0,2510,3.9872509960159364,5633.210358565737,1876.6816733067728,16.706860118916538,16.87336167391295,17.279976390892518,16.859448746717234,16.041535412067503,16.32875154908981,16.64804068248674,16.869765409978665,16.718097480913737,16.875303461567647
103,1,1,2114,5.046357615894039,8014.302743614002,3032.6849574266794,16.626977966043714,16.844664429781982,17.035518435533746,16.86582312018733,15.932413047583962,16.29728811710344,16.421997298239933,16.734217608048446,16.70123109798099,16.882159634288353
52,0,1,5246,3.7266488753335874,3943.04041174228,1248.0585207777353,15.967605028161165,16.68051105307925,16.559698747835302,16.141522761894255,14.873241372911938,15.352379393948613,15.583183316358392,16.68548974302068,15.916270187561476,16.646720283625836
52,2,1,5246,3.7266488753335874,3943.04041174228,1248.0585207777353,15.967605028161165,16.68051105307925,16.559698747835302,16.141522761894255,14.873241372911938,15.352379393948613,15.583183316358392,16.68548974302068,15.916270187561476,16.646720283625836
16,1,0,2056,3.463035019455253,5307.335116731518,2089.401750972763,16.722425584642057,16.893553104684752,17.29118338824781,16.86640540475946,15.915140781691619,16.267141987447005,16.59754185634896,16.810216818016823,16.700417572676617,16.863540735922687
47,0,1,6343,4.012612328551159,3793.383887750276,1189.9662620211257,16.013718265504156,16.626766490051388,16.874629954735404,16.132295715856554,14.982374427267995,15.346840104380563,15.821158763765805,16.72062725848548,15.921945304059442,16.54735174655495
47,2,1,6343,4.012612328551159,3793.383887750276,1189.9662620211257,16.013718265504156,16.626766490051388,16.874629954735404,16.132295715856554,14.982374427267995,15.346840104380563,15.821158763765805,16.72062725848548,15.921945304059442,16.54735174655495
76,0,1,6597,4.583295437319994,4368.075943610732,1402.108988934364,16.100592141142215,16.599117572746767,16.96540406719645,16.24300834498806,15.232047502572652,15.56375348055712,15.998357604143278,16.727600420801533,16.057888081447505,16.556611646247866
76,2,1,7961,5.003391533726918,5095.204245697777,1690.986685089813,16.159271290324906,16.59967611494567,17.005353840861932,16.295643251397767,15.332988035327478,15.665850166943828,16.068765174858434,16.699589122023134,16.124510992768258,16.557738444213594
12,0,0,9106,5.944432242477488,3232.8958928179222,733.537228201186,16.525951788127816,16.69715466907255,17.241553842052667,16.627277573879798,15.975005151926897,16.095461091379626,16.51791453695206,16.781822488117065,16.50847375263864,16.667300277332597
12,2,0,11135,5.460080826223619,3521.459631791648,903.6633138751683,16.582043642390104,16.75670102761525,17.20911674171948,16.68826493778712,15.9882832800595,16.148660072187692,16.52038965471782,16.77889991610971,16.560778928706817,16.722015241409334
128,1,2,3614,5.5511898173768675,12080.38682899834,6891.8951300498065,16.55036863272317,16.779719521024028,17.300882128631034,16.69581546818964,15.790047936672773,16.11569350195296,16.536369184103428,16.86210773373139,16.551092344340613,16.75415279444669
128,2,2,5845,4.636783575705731,9371.826860564584,5413.464499572284,15.557484226087775,16.500632208952023,16.317242957605185,15.822851234722956,14.005383887870519,14.781452692181634,14.990414191915777,16.53591351982588,15.521944718474034,16.46107513079438
79,0,1,5804,5.056857339765679,4664.976912474156,1463.1419710544453,15.890251946290133,16.53276095509547,16.650160328257705,16.027228725997094,14.806573243988966,15.193317221960617,15.588944985519593,16.648732008797097,15.807072425624087,16.4651791666567
79,2,1,9359,5.152687252911636,6733.813548456032,2757.373330484026,16.169946406612386,16.65595658854185,17.093275877128775,16.29385588767778,15.206030909001209,15.562681487978962,16.05718318960303,16.813073716702608,16.09996069759842,16.588195078639693
25,0,0,6103,5.480583319678846,3691.5248238571194,1293.9567425856137,16.611931063510145,16.789270122858618,17.613610709409876,16.639733139104763,15.720801470446967,15.94771502693613,16.776945528661027,16.969441106928993,16.48202523735789,16.649987944690782
25,2,0,6937,5.283263658642064,3950.950410840421,1416.6012685598962,16.630279232024975,16.81068965879071,17.59671803125778,16.679547925893065,15.7236761695247,16.031364906267115,16.742563802537852,16.9443491396621,16.52480316523014,16.694714972508528
46,0,1,5076,4.082348305752561,4071.4166666666665,1277.2186761229314,16.10766535764113,16.695972700822864,16.971894595477497,16.232029717760845,15.156280305257082,15.328744223748528,15.997132824162179,16.838779824873207,15.980853648457346,16.575344642810112
46,2,1,5076,4.082348305752561,4071.4166666666665,1277.2186761229314,16.10766535764113,16.695972700822864,16.971894595477497,16.232029717760845,15.156280305257082,15.328744223748528,15.997132824162179,16.838779824873207,15.980853648457346,16.575344642810112
34,0,1,6165,3.59448499594485,4435.710137875101,1613.6506082725061,15.959492733313319,16.676034275086337,16.54471265879618,16.107886190788907,14.75678637541751,15.21425933181828,15.573881582782747,16.64135776445373,15.852726749292525,16.596272888592736
34,2,1,6165,3.59448499594485,4435.710137875101,1613.6506082725061,15.959492733313319,16.676034275086337,16.54471265879618,16.107886190788907,14.75678637541751,15.21425933181828,15.573881582782747,16.64135776445373,15.852726749292525,16.596272888592736
32,0,1,5936,3.8830862533692723,4174.159029649596,1335.4610849056603,15.977874312193757,16.592443079587856,16.81208805718256,16.126146155424376,15.001773953667966,15.337995893171145,15.796428963734874,16.726338905565438,15.899178829710069,16.50705309868737
32,2,1,5936,3.8830862533692723,4174.159029649596,1335.4610849056603,15.977874312193757,16.592443079587856,16.81208805718256,16.126146155424376,15.001773953667966,15.337995893171145,15.796428963734874,16.726338905565438,15.899178829710069,16.50705309868737
18,1,0,2364,4.147208121827411,6291.923011844332,2474.3451776649745,16.486451941020018,16.66010749130268,16.942259520015558,16.577281741948628,15.803899542415037,16.03453680169856,16.391362641453732,16.617696495806392,16.442021743515667,16.602386449642573
18,2,0,9316,4.891155002146844,4280.34027479605,1752.4620008587376,16.580236292426854,16.743798374341033,17.3065051923532,16.702075243539692,15.852847107086873,16.182170771681374,16.53554574540953,16.756634727444226,16.572853875941988,16.720677041581673
39,0,1,5296,3.9992447129909365,4214.750944108761,1550.449584592145,15.73208365065304,16.53926341157982,16.559417046090566,15.932276623234316,14.60225996373563,14.984675986694052,15.410917045345041,16.631917570749614,15.663357889817519,16.508228207557625
39,2,1,5296,3.9992447129909365,4214.750944108761,1550.449584592145,15.73208365065304,16.53926341157982,16.559417046090566,15.932276623234316,14.60225996373563,14.984675986694052,15.410917045345041,16.631917570749614,15.663357889817519,16.508228207557625
120,0,2,1858,4.231431646932185,4832.162002152852,2555.3611410118406,14.930480325188078,16.29617171849641,15.515945664606026,15.2693722914228,12.962418531662061,13.718217954314484,14.045399395766085,16.232461876235817,14.824139928484662,16.272302500474073
120,2,2,6277,4.9628803568583715,7520.49163613191,2949.841962721045,16.068272801110194,16.628165592092564,16.704750218736528,16.296573755094258,15.067869164264012,15.477440011551284,15.763821575875806,16.622460094825325,16.065826047575445,16.61617235574756
116,1,2,3501,5.482147957726364,8981.476149671522,3389.851471008283,16.472503523708315,16.70838146952135,16.821881171650855,16.65025359826311,15.875307731519143,16.27770219321853,16.303023811333986,16.64083644966026,16.56442715473163,16.766439442801335
116,2,2,5711,4.635440378217475,7604.465767816495,3366.9257573104537,15.626343690200466,16.504394031467164,16.09803399800132,15.884727458366196,14.441109989261701,15.047720227491714,15.095023400268653,16.443369226729626,15.640261908950743,16.529784077850163
80,0,1,5746,5.081447963800905,4394.213017751479,1234.3778280542986,15.988975178819851,16.507624865973135,16.502747618384333,16.112294091470694,15.103892795972577,15.356916853058078,15.69907324694604,16.495446416159687,15.925501959207068,16.445993237550567
80,2,1,10086,5.038469165179457,7433.806067816776,3466.772655165576,16.295429456965074,16.70676603708496,17.191170756086617,16.40625532867717,15.447469805760472,15.687682501589922,16.252721191138164,16.82922001693453,16.218943606954184,16.638361239079337
10,0,0,8545,6.51726155646577,3471.528964306612,741.90239906378,16.263848752640417,16.435043170346127,17.087374797616175,16.34534583331609,15.451577505863275,15.77576440437868,16.1460370608583,16.403985246949325,16.217186624216804,16.376936830903183
10,2,0,10853,5.802450935225283,3796.883073804478,992.3657974753525,16.405354601314034,16.576249781165906,17.120582667299452,16.526372749730616,15.603041416925413,15.900201986310806,16.276302219124595,16.515092776322025,16.369343919449268,16.533277159143857
2,0,0,3528,6.708049886621315,3562.800170068027,883.2414965986394,16.17660154904343,16.352659288688063,16.907942113185445,16.26054078476942,15.505510495680207,15.81411635058618,16.100089139056674,16.351766506779136,16.1665089065627,16.331567379354688
2,2,0,5769,5.641185647425897,4322.283758016987,1246.823712948518,16.411137896387263,16.5995358245849,17.035252508582886,16.538142453512812,15.696042512378243,15.953919085129563,16.29000107828227,16.54950917816987,16.390113106372546,16.568989735095847
67,0,1,11081,2.963270462954607,1943.6646512047648,737.439130042415,15.358013519919355,15.624741409552135,14.623911940269867,15.911565277000136,14.507704285721998,15.101805698736069,14.680383880918358,14.806429222253186,15.66175092897888,16.074546299173303
67,2,1,11081,2.963270462954607,1943.6646512047648,737.439130042415,15.358013519919355,15.624741409552135,14.623911940269867,15.911565277000136,14.507704285721998,15.101805698736069,14.680383880918358,14.806429222253186,15.66175092897888,16.074546299173303
23,0,0,9366,5.6647448216954945,3374.5354473628017,936.3352551783045,16.31116691963248,16.47896838732711,16.921858587821887,16.397031524939578,15.578166669283624,15.832491916747022,16.184674864952306,16.38753099696814,16.25804360027898,16.41441468859659
23,2,0,11083,5.3155282865650095,3667.964540286926,1116.5013083100243,16.38075611431756,16.54819341274842,17.035762170572117,16.48335450663122,15.646231666705054,15.902497844342175,16.282922014030273,16.483419974001297,16.335537543178123,16.49169549837093
107,0,2,1631,3.484978540772532,4454.164316370325,2392.2783568362966,14.649765929948119,16.220380046620196,14.822305461052078,15.0030456186733,12.593168902507447,13.323767239901219,13.426464316618777,16.017343406040368,14.5133086369427,16.18585100592775
107,2,1,4577,4.700895783264147,6795.678610443522,2920.9195979899496,15.810564230642568,16.561431338808674,16.13848125088666,16.07114524241217,14.58803361900902,15.219227222605907,15.234715832810014,16.380533858699458,15.819288930893732,16.59033740440855
51,0,1,4676,4.150556030795552,3979.550256629598,1177.0130453378956,15.93208173472934,16.630918405975137,16.696357859407183,16.09431963650153,14.76452666556677,15.17513991094121,15.576939163829104,16.63238260436929,15.838656333010476,16.581297696420766
51,2,1,4676,4.150556030795552,3979.550256629598,1177.0130453378956,15.93208173472934,16.630918405975137,16.696357859407183,16.09431963650153,14.76452666556677,15.17513991094121,15.576939163829104,16.63238260436929,15.838656333010476,16.581297696420766
74,0,1,5861,4.50230336120116,4444.978843200819,1404.4536768469545,16.09811431530226,16.716223136073165,16.898400936997735,16.270672986727625,15.077230150750768,15.469747947089934,15.879105128059935,16.790200582663807,16.05037470498679,16.67824877168815
74,2,1,6413,4.848276937470763,4988.94745049119,1609.7227506627164,16.14639081695579,16.725197468550135,16.94514089347359,16.329981283209246,15.133936104638835,15.519794649809903,15.930416933516238,16.783945888866274,16.107292203062745,16.694963586800366
17,1,0,1751,3.377498572244432,5436.26213592233,2279.877213021131,16.828182905977847,16.95680393070415,17.153473186463625,16.967824367587376,16.080426485574478,16.46995503404768,16.58261234557916,16.72837933673072,16.824715549899974,16.93572451253779
55,0,1,4660,3.7974248927038627,3985.281974248927,1162.3922746781116,16.141964985831034,16.700826049255387,16.968560267485888,16.28295913306762,15.29761429435639,15.536320904915648,16.022932970023113,16.766776633688067,16.071467534328747,16.643248663568198
55,2,1,4660,3.7974248927038627,3985.281974248927,1162.3922746781116,16.141964985831034,16.700826049255387,16.968560267485888,16.28295913306762,15.29761429435639,15.536320904915648,16.022932970023113,16.766776633688067,16.071467534328747,16.643248663568198
38,0,1,6229,3.8850537807031627,4002.651147856799,1407.6792422539734,15.829835080551163,16.51002552717457,16.645349563172843,15.970919447092541,14.67400835555151,15.074290229722868,15.521056197685851,16.535802481122538,15.719318963686638,16.405634057413728
38,2,1,6229,3.8850537807031627,4002.651147856799,1407.6792422539734,15.829835080551163,16.51002552717457,16.645349563172843,15.970919447092541,14.67400835555151,15.074290229722868,15.521056197685851,16.535802481122538,15.719318963686638,16.405634057413728
10,1,0,2308,3.1559792027729636,5001.4545060658575,1919.666377816291,16.781371684942787,16.9466720279436,17.191547908758075,17.00923878280026,16.04245802092154,16.25476894629458,16.615063708548117,16.800129760448026,16.791624392028808,16.963354123588257
20,0,0,12011,3.9648655399217385,4961.761718424777,3576.500208142536,16.995847248194625,17.146311642173433,17.669033990942708,17.18313351549324,16.105479373612532,16.600735666791305,16.83926967954053,17.04275717554792,17.022774713552288,17.15856798465163
20,2,0,14211,3.959327281683203,5058.106748293575,3351.36943213004,16.924438150525106,17.081462872831988,17.585744761007774,17.108958223510825,16.05624243835767,16.525847363018116,16.772699396481887,16.984026661153234,16.94977840514088,17.091987443241056
124,1,2,4293,5.978569764733287,10083.136734218495,4515.697414395528,16.406805101374644,16.62465657632644,16.88854929776728,16.476960864882773,15.762272543857476,16.065347429380413,16.310591085579752,16.617571104542733,16.3956096721576,16.59198076429577
85,0,1,3035,3.870840197693575,5339.075782537067,2458.8691927512355,15.12213549450313,16.44617277650969,15.551438157258485,15.37524462198614,13.316719292873225,13.986806796860304,14.27977344011858,16.409402250962764,14.989801543705939,16.390800469150108
9,0,0,6453,5.779947311328065,3273.1653494498682,786.6189369285604,16.395669037191915,16.577139912751115,16.975659813857266,16.574069521279288,15.540608771225102,15.907112711535676,16.196422963458005,16.42822008538032,16.405441052800455,16.58278468003332
9,2,0,9189,5.05060398302318,3885.821090434215,1136.1729241484384,16.48919480459832,16.6575998817313,17.001185764015027,16.678000300372524,15.660258667886897,15.985249209345229,16.281992440060847,16.49243380059306,16.49258979107155,16.657528992954305
122,0,2,3209,3.541290121533188,4791.350264880025,2708.8647553755063,14.531995943171134,16.039765912978865,15.303454283421454,14.897129010313638,12.197743195385126,13.12677807564298,13.571621544561964,15.958015877296141,14.390092977233882,15.948727954502873
125,0,2,2846,3.151791988756149,4474.3267744202385,2602.6781447645817,14.35777889912004,15.95161726112403,14.671672759660959,14.710915598959172,11.872600238397478,12.781120562722256,13.031557332102407,15.750270071596077,14.179806096972513,15.850015887642316
125,2,2,6602,5.100272644653136,8139.03998788246,4152.575128748864,15.47133654490446,16.339915199377806,15.973617755998443,15.703144320271008,14.069386494513168,14.70926630633637,14.88765045483266,16.25128456982494,15.41843404546678,16.2956267651084
6,1,0,2452,3.8572593800978794,5830.700652528548,2085.216150081566,16.838097119242065,17.017701702439222,17.338133034269347,16.988114068816827,15.985949905303723,16.390186097705197,16.666798038492754,16.88459160516646,16.817853280652372,16.992838178254893
6,2,0,7989,5.776442608586807,4059.772311928902,1145.3409688321442,16.663613195630827,16.83512327420502,17.319067459012352,16.72372350791556,15.878519894162645,16.144500968334512,16.55545870037666,16.78636997978837,16.576643869299073,16.73634740023796
18,0,0,6952,5.1441311852704255,3596.3095512082855,1506.9884925201382,16.617086576370834,16.77610319490127,17.461183227575184,16.748798907978085,15.863712420874695,16.235376795358683,16.590406712361897,16.80836071605932,16.621591814336448,16.763507254224415
58,0,1,4605,4.656677524429967,4436.062540716613,1329.6731813246472,16.127668517434667,16.59760153665585,16.7398864526708,16.212519286314798,15.306713766945313,15.6323940356829,15.957573662490661,16.600599050200508,16.052908941285043,16.52203024943531
58,2,1,4605,4.656677524429967,4436.062540716613,1329.6731813246472,16.127668517434667,16.59760153665585,16.7398864526708,16.212519286314798,15.306713766945313,15.6323940356829,15.957573662490661,16.600599050200508,16.052908941285043,16.52203024943531
12,1,0,2029,3.2863479546574665,4816.51207491375,1667.1764415968457,16.77198052119256,16.959462164015346,17.085813240365113,16.90121652837265,16.012952855907976,16.329530592015388,16.51188532477375,16.754544045149164,16.746411849574738,16.916391027705966
1,1,0,2101,4.064731080437887,5613.833888624465,1928.2436934792956,16.60770203701784,16.780111490947736,17.12045544690979,16.790121861928803,15.895133595296636,16.090431544103943,16.459759601642524,16.68454160360305,16.599738932119823,16.763296711449332
1,2,0,5777,6.2430327159425305,4367.924528301887,1247.3849749004673,16.412615368057427,16.57957219678947,17.036093496391477,16.555709375260975,15.609723217304834,15.92144470976696,16.26452984346336,16.48274483770324,16.395301616588494,16.55280380149853
112,1,1,4765,4.468835257082896,7671.94963273872,3430.381741867786,16.5546663047663,16.769178609379743,16.92648857687047,16.72613968539152,16.025398856384797,16.280150040562123,16.415919410979566,16.693997423602458,16.595977601744348,16.806370408845158
112,2,1,7110,4.0987341772151895,6773.027426160337,3255.6547116736992,15.777324062910004,16.552677102038295,16.12901453214379,15.99058290702428,14.755761886385438,15.271127495470207,15.314607406749307,16.5070566992375,15.77365740730544,16.568301068596796
127,0,2,2935,3.1986371379897784,4711.946507666099,2826.5182282793867,14.404102325796233,16.057357255641257,14.612356071014153,14.82241367081124,11.98497051350625,12.893544413833673,12.971858345464192,15.832320342796994,14.288779790635646,15.97825096539007
127,2,2,6710,4.56602086438152,7593.964232488823,3876.7049180327867,15.496415945787076,16.425787496372333,16.11988526205542,15.759600228020803,14.058768958073435,14.615300808846158,14.898868321878547,16.39565335774089,15.436921579461183,16.366961495908406
117,1,2,3845,5.708192457737321,8584.841872561768,3253.4296488946684,16.50800078538019,16.728609835777625,17.094705773749606,16.623335640817913,15.850859364345256,16.206318909392007,16.42826750578825,16.72860187586439,16.520499967870077,16.70443063736998
117,2,2,6063,4.9127494639617355,7229.020286986641,3072.476166914069,15.705441850952269,16.51533030754309,16.287514529782886,15.948113830124747,14.4754070270102,15.116643590268176,15.25709375737841,16.511662212018873,15.708394293409754,16.486046798739846
48,0,1,5667,3.961884595023822,3936.7938944767957,1275.1492853361567,16.153105030072073,16.718659016257128,17.01780216849425,16.262319968032415,15.090783587446225,15.471830410358363,15.97892550709795,16.77624124397508,16.04188534298259,16.630852953479405
48,2,1,5667,3.961884595023822,3936.7938944767957,1275.1492853361567,16.153105030072073,16.718659016257128,17.01780216849425,16.262319968032415,15.090783587446225,15.471830410358363,15.97892550709795,16.77624124397508,16.04188534298259,16.630852953479405
9,1,0,2736,3.3304093567251463,5330.8019005847955,1960.6144005847952,16.6578135324395,16.799515207592982,17.02706358367527,16.865540678889936,15.878213493591431,16.119918585491938,16.429094785199652,16.598271184041852,16.651253716062225,16.790596440733587
70,0,1,6407,4.225378492274075,3889.21851100359,1235.9575464335883,15.996736193134135,16.578813887466765,16.616991417788363,16.171531808451096,14.981026103747677,15.424735256494976,15.662997444286002,16.49008983211819,15.962519262865392,16.55718852067872
70,2,1,6584,4.220534629404617,3913.2794653705955,1237.7938942891858,16.00377738262195,16.572160220772066,16.606355634100638,16.181693896593977,14.997672134780109,15.440969691172944,15.667372731475428,16.475118211149177,15.97451439801338,16.55713880361498
36,0,1,6462,3.79139585267719,4460.729340761374,1751.8160012380067,15.938237021789815,16.627747986328377,16.706154475807338,16.15242140359387,14.857244495798735,15.282754440968638,15.676013865136191,16.683508132452783,15.899986785054251,16.589079576425558
36,2,1,6462,3.79139585267719,4460.729340761374,1751.8160012380067,15.938237021789815,16.627747986328377,16.706154475807338,16.15242140359387,14.857244495798735,15.282754440968638,15.676013865136191,16.683508132452783,15.899986785054251,16.589079576425558
7,0,0,4966,5.96496173983085,3670.673983084978,906.4869109947643,16.46144855811537,16.65310149917423,17.131466388153402,16.538744738680688,15.731921577652683,16.049332648616108,16.382219709444524,16.638129472400585,16.43026014908744,16.61672383102696
7,2,0,7350,5.344761904761905,4712.721088435374,1457.8420408163265,16.54898245530739,16.729894348125207,17.16283393538558,16.662514978447238,15.851376495241471,16.119012853734688,16.464514634810072,16.693683792038797,16.525734978419273,16.698913669646767
45,0,1,5603,4.067820810280207,3998.3333928252723,1208.0746028913081,16.10645298389678,16.667691095634364,17.001225959505174,16.234840573609006,15.117782273774864,15.54881686072797,15.960722338889779,16.770623018550374,16.04478247284383,16.62284818343593
45,2,1,5603,4.067820810280207,3998.3333928252723,1208.0746028913081,16.10645298389678,16.667691095634364,17.001225959505174,16.234840573609006,15.117782273774864,15.54881686072797,15.960722338889779,16.770623018550374,16.04478247284383,16.62284818343593
106,0,2,2395,3.2100208768267224,4341.125260960334,2647.1707724425887,14.716162052132775,15.954898462749412,14.694980282364588,14.878276478045949,12.900807395146153,13.829404425246837,13.753124681794255,15.513287424624389,14.596138328743502,15.800463090835764
106,2,1,5662,4.057223595902508,6598.7850582832925,3437.215471564818,15.733133713183555,16.40816050046799,15.915784298995233,15.893991672335694,14.607609103717815,15.149937581709011,15.21172370822897,16.164389500847467,15.684852296642566,16.352071558007932
68,0,1,5537,4.154235145385588,3993.3156944193606,1307.5407260249233,15.946910713598573,16.476919215638272,16.404245229836036,16.117161044341213,15.043939001398694,15.291993983528586,15.64789376198058,16.40438167103493,15.89152464818272,16.450688815554635
68,2,1,5537,4.154235145385588,3993.3156944193606,1307.5407260249233,15.946910713598573,16.476919215638272,16.404245229836036,16.117161044341213,15.043939001398694,15.291993983528586,15.64789376198058,16.40438167103493,15.89152464818272,16.450688815554635
78,0,1,7643,4.415281957346592,4169.808190501112,1289.4291508569934,16.030932073631526,16.569474518534662,16.778209466552436,16.151858900105847,15.074820693692818,15.477363449852641,15.816762264979918,16.644890729966065,15.983379597866724,16.52795643536701
78,2,1,10660,4.673921200750469,5469.495778611632,1991.4634146341464,16.174137881625526,16.604525063274895,16.871050663045025,16.296572491155647,15.341902487142827,15.706032878815114,16.015158587571623,16.662824748619773,16.15411631297415,16.581768805181774
98,1,1,1940,6.018556701030928,10514.324226804123,5115.782474226804,16.633016387366276,16.884364993422597,17.47192494794022,16.905726990575836,15.998252296356466,16.149161749859278,16.705266348701116,17.012512094307684,16.687702478959388,16.925952777874507
98,2,1,1940,6.018556701030928,10514.324226804123,5115.782474226804,16.633016387366276,16.884364993422597,17.47192494794022,16.905726990575836,15.998252296356466,16.149161749859278,16.705266348701116,17.012512094307684,16.687702478959388,16.925952777874507
86,0,1,2353,3.533361665958351,5208.943051423715,2370.745431364216,15.216681384188163,16.38964194566639,15.927401808389064,15.429113292549406,13.941284927571537,14.281850334710889,14.823762230595321,16.4060762098775,15.102391625453581,16.295174948333994
86,2,1,3940,4.566497461928934,7503.103299492386,3457.2685279187817,15.763225600943061,16.556075044321,16.39151591135162,15.97665356918105,14.671416037027093,15.071450067650535,15.411228719410259,16.499054204209937,15.715127135999468,16.50495471552552
93,0,1,2564,3.3783151326053042,5224.988299531981,2245.2503900156007,15.271439958919792,16.38422663387742,15.864272009297927,15.471178283005049,13.800805556763502,14.380498617110009,14.648567799851843,16.451285864971148,15.172821447174746,16.349516896220393
93,2,1,4694,4.568385172560716,11738.731146144013,7603.195781849169,15.848296812407524,16.552706040208314,16.555784574272074,16.01317897808062,14.703315602423952,15.167924450672679,15.482395551142659,16.57201213917902,15.777266970666092,16.520016388614764
81,1,1,3302,5.5112053301029675,10107.250757116899,4684.584494245912,16.575667812047385,16.8341895797003,17.594179899446516,16.71845852523134,15.717104314494502,15.904173248176676,16.684782034662373,17.062874680536936,16.509516804886093,16.7612041475982
81,2,1,5908,5.219025050778606,7673.431110358835,3256.0360528097494,16.259370356680027,16.678263607920698,17.13928850738229,16.412610636111804,15.364858658767142,15.66882861094357,16.19041775684287,16.81259113677145,16.21396383076494,16.621145765319607
69,0,1,6253,4.37613945306253,3900.5864385095156,1218.0730849192387,15.973910796108914,16.528688019990252,16.41144738942064,16.165205765193306,14.91299503931488,15.38959577314884,15.553738865655298,16.348243600834152,15.950200797731709,16.52241269507561
69,2,1,6253,4.37613945306253,3900.5864385095156,1218.0730849192387,15.973910796108914,16.528688019990252,16.41144738942064,16.165205765193306,14.91299503931488,15.38959577314884,15.553738865655298,16.348243600834152,15.950200797731709,16.52241269507561
87,0,1,2673,3.5361017583239804,5500.945753834642,2604.201646090535,14.967736616995742,16.39477440492671,15.36272911373342,15.20022292806734,13.00697177385876,13.696646308671248,14.080790293826517,16.376903405764,14.802209002178857,16.29064710139758
87,2,1,4710,4.307855626326964,7051.0715498938425,3145.7099787685775,15.62173069917758,16.578274997383954,16.07517164830154,15.817248659501638,14.22085424428709,14.763364545742512,15.04172073856979,16.544108708099362,15.52057116445554,16.51313558891005
27,0,1,8171,5.440949700159099,4314.979072328968,966.655244156162,16.506005410894925,16.71794180497995,17.194547215598487,16.638450449606097,15.775109464858321,15.945448825870528,16.4769238464571,16.70986246615565,16.46495275579774,16.67405224912914
27,2,1,8171,5.440949700159099,4314.979072328968,966.655244156162,16.506005410894925,16.71794180497995,17.194547215598487,16.638450449606097,15.775109464858321,15.945448825870528,16.4769238464571,16.70986246615565,16.46495275579774,16.67405224912914
128,0,2,2231,3.155535634244733,4984.226804123711,3018.5526669654864,14.29184924143056,16.050616572968334,14.59377996793449,14.712507354849116,11.667459266405285,12.827040637841908,12.772083638332607,15.883617585681916,14.187861775913289,15.981433224593344
102,1,1,2719,4.412651710187569,7877.880102979037,3409.185730047812,16.45942994144844,16.738526563357492,16.535618487989726,16.634005268052082,15.751366424904624,16.359453195996384,16.098594089821184,16.457138521816724,16.556781976575934,16.826517990573787
104,1,1,2385,4.5073375262054505,9652.90607966457,5440.195387840671,16.573927685570155,16.785904854309678,16.871731456905394,16.797936023585148,15.956587478831496,16.26189189433417,16.374494491817284,16.659936416324808,16.637141584273913,16.807719232061277
104,2,1,4094,3.873961895456766,7553.797997068881,4102.264533463605,15.918721684899188,16.606743021168953,16.335904499804432,16.140999379783594,14.967882070852223,15.413817113745177,15.554057193148717,16.547003565189556,15.925035869943576,16.610580500690634
125,1,2,3756,6.57667731629393,10915.87007454739,5326.96458998935,16.418555576334292,16.61214897606777,16.91886507855857,16.529581407170653,15.696666848758845,16.049586985552583,16.26724440134233,16.54606986256654,16.41079595623345,16.588892425013125
13,0,0,8293,5.679729892680574,3227.8309417581095,764.5338237067406,16.5676920763019,16.741047240328538,17.429293403162834,16.68656259131975,15.80921166726368,16.080519998366775,16.50291985712306,16.765214580337428,16.534852964173833,16.689711412865584
13,2,0,10208,5.285070532915361,3604.405564263323,975.8502155172414,16.577575880742558,16.750623060265774,17.32323797358755,16.707593632038982,15.836203244281963,16.093158194571682,16.482718419019193,16.73196767197961,16.55017581352543,16.70754792750559
22,1,0,1632,3.3737745098039214,5564.213235294118,2422.1482843137255,16.54939281996725,16.71318446893959,16.866858468871634,16.666948314275484,15.945737351067471,16.27643761248809,16.40757207886066,16.570483828198828,16.563118926709983,16.709458006909554
110,1,1,4206,4.893009985734665,6959.191631003328,2654.0589633856393,16.51772150879099,16.748503271285003,16.765296180146684,16.68759938777713,15.943514256771733,16.29757729131688,16.29962308849914,16.623430381823557,16.58537540193881,16.797545499248773
72,0,1,5514,4.381936887921654,4343.792890823359,1401.690605730867,15.868650195552128,16.42647585579163,16.42226477194708,16.000958303554807,14.84431810511676,15.38195310151799,15.53653085578221,16.396887440803834,15.840982507789306,16.405780566854435
72,2,1,6184,4.689197930142303,4874.748382923674,1605.400064683053,15.904112328983983,16.417518060954205,16.453491934389202,16.03619611349838,14.927771026972605,15.443853005376575,15.594136700792939,16.380004812936015,15.882823965324473,16.40189037500549
14,0,0,8691,5.704061672995052,3103.898170521229,707.0430330226671,16.387158637703422,16.558635268483314,17.204881165540407,16.43521325888665,15.631733778527604,15.910511095507953,16.315659019754456,16.583673617552925,16.320211414250853,16.479841893342968
14,2,0,10887,5.238541379627078,3565.4389639019014,1036.210342610453,16.464968869379458,16.637504852424062,17.214672989645006,16.56883133481264,15.668805553263459,15.953852250894245,16.35866113132982,16.61582225953183,16.418195475041195,16.578675214124065
82,1,1,3487,4.844278749641526,8495.389159736163,3614.093776885575,16.46764923393405,16.731186747492778,16.893217172477595,16.582447535624677,15.687443551737324,16.053562945029974,16.24689937968947,16.669702143003413,16.453487743209273,16.70103822225325
82,2,1,4407,4.773315180394826,7814.065350578625,3267.3859768550033,16.248534789587275,16.669370262429748,16.721079883231003,16.381462709459946,15.328331222464229,15.723418483430411,15.95445316053428,16.580280112669996,16.208488270117538,16.62689898711961
29,0,1,11229,5.054056460949328,3738.7990025825984,941.6699617062962,16.323822632988872,16.57123506430643,17.223008700015782,16.42423219074702,15.699138282674426,15.90129413406684,16.36898899611585,16.640098721532222,16.29549085983235,16.530603281393613
29,2,1,11229,5.054056460949328,3738.7990025825984,941.6699617062962,16.323822632988872,16.57123506430643,17.223008700015782,16.42423219074702,15.699138282674426,15.90129413406684,16.36898899611585,16.640098721532222,16.29549085983235,16.530603281393613
2,1,0,2241,3.9616242748772867,5517.936635430611,1819.210174029451,16.676479246150297,16.877307188412484,17.164503975030055,16.85457908531017,15.932896534093944,16.12216640624867,16.509411757331133,16.776993264160936,16.651220390536547,16.845344002012595
33,0,1,9689,3.157394984002477,6554.745381360305,4792.387243265559,16.7861044985616,17.31418995438928,17.600385697118657,17.07364774192616,15.893041297859755,16.37384041149743,16.689976423290634,17.42059074521764,16.867478731195735,17.38231645011227
33,2,1,9689,3.157394984002477,6554.745381360305,4792.387243265559,16.7861044985616,17.31418995438928,17.600385697118657,17.07364774192616,15.893041297859755,16.37384041149743,16.689976423290634,17.42059074521764,16.867478731195735,17.38231645011227
107,1,1,2946,5.374066530889341,8092.015953835709,3213.592328581127,16.514432093372964,16.740874840339046,16.801124449592333,16.722687685715233,15.772309417106968,16.283400013460877,16.246996309119247,16.549340704112208,16.60345906674853,16.79957155329946
127,1,2,3775,5.629139072847682,9834.685298013244,4693.207682119205,16.50360249035964,16.703207271415934,17.16038265806145,16.608446585941444,15.825278882415578,16.034207210812625,16.450026320586012,16.73649374644496,16.470602985953185,16.652656317595255
115,1,2,4635,4.963106796116505,8442.735922330097,3709.2265372168285,16.51760953206774,16.725075984651028,17.149264782375774,16.701200383138488,15.722435934465155,16.212988880096812,16.399431432281254,16.703826448052716,16.579662725386456,16.756418197490724
115,2,2,7548,4.410174880763116,7114.351351351352,3355.711711711712,15.67781285721646,16.50404229331649,16.418473393100346,15.952236979590648,14.291064462293285,15.031147760013232,15.18055904559724,16.483448853398368,15.684892030415696,16.518949809079157
6,0,0,5537,6.626331948708687,3275.53603034134,729.1275058696045,16.552880356699784,16.719227951158107,17.29088880949363,16.556549302903555,15.812016965519174,15.992926435223046,16.48004200304968,16.71919270666954,16.42796216918663,16.578211419998087
112,0,2,2345,3.346695095948827,4946.432835820896,2900.6123667377396,14.409516450945507,16.09243651666831,14.491823872305597,14.77322040232368,12.165402993166474,13.239688411824522,13.075664583594962,16.026752970356274,14.340454144576556,16.068388810969598
42,0,1,5351,4.014576714632779,4552.986544571108,1661.1915529807513,16.108031208014623,16.655473939926498,16.876028046425418,16.258432613689134,15.26222886926779,15.527951830691066,16.020863142270418,16.74717148567987,16.061045106706025,16.620111437200535
42,2,1,5351,4.014576714632779,4552.986544571108,1661.1915529807513,16.108031208014623,16.655473939926498,16.876028046425418,16.258432613689134,15.26222886926779,15.527951830691066,16.020863142270418,16.74717148567987,16.061045106706025,16.620111437200535
84,1,1,1980,5.427272727272728,10423.11616161616,4825.547474747475,16.66637066111106,16.85312050673848,17.12962570254588,16.778048985104796,15.967932362083728,16.28532811712319,16.538643265993073,16.79951006275703,16.65614645815675,16.84993526412758
84,2,1,4614,4.698309492847854,7609.505851755526,3399.8912006935416,15.99465289786249,16.701950716760425,16.66617821310873,16.182113052978153,14.924342495407387,15.319005798762909,15.729714177668644,16.718935290366584,15.94068704056628,16.67358289847694
14,1,0,2196,3.3961748633879782,5392.056010928962,2338.939435336976,16.695346551178414,16.870686609051514,17.220200185020214,16.96944519650085,15.771572903049346,16.07407223248306,16.477689532278852,16.70349389111109,16.718736840396797,16.87934775104602
109,1,1,3398,5.432901706886404,7877.273690406121,2993.253384343732,16.5279552273947,16.752856133481973,16.901974784243873,16.734341165143338,15.934735841019199,16.265706451760046,16.374660541076075,16.66594682618848,16.613265988863585,16.8053131108656
109,2,1,4687,4.790484318327288,6966.302325581395,2908.0879027096225,15.934131861701974,16.575877074015953,16.34411202008088,16.141886778313076,14.944361428487221,15.522361821748417,15.539400597683084,16.501980031061926,15.963586489386318,16.607956640181843
37,0,1,5703,3.9512537261090652,4446.63229879011,1641.537611783272,15.662847045851509,16.594901772988727,16.454334354921645,15.888802248709112,14.363813876208539,14.858320493999686,15.318060722776362,16.68684942101164,15.598634903243095,16.534198396179132
37,2,1,5703,3.9512537261090652,4446.63229879011,1641.537611783272,15.662847045851509,16.594901772988727,16.454334354921645,15.888802248709112,14.363813876208539,14.858320493999686,15.318060722776362,16.68684942101164,15.598634903243095,16.534198396179132
43,0,1,5925,3.9652320675105486,4156.607932489452,1459.1535864978903,16.049669625684594,16.624910705726354,16.784847925810745,16.202087853888038,15.143581674032799,15.487305028493038,15.863931736504888,16.71168496868742,16.001706643880485,16.581325309342404
43,2,1,5925,3.9652320675105486,4156.607932489452,1459.1535864978903,16.049669625684594,16.624910705726354,16.784847925810745,16.202087853888038,15.143581674032799,15.487305028493038,15.863931736504888,16.71168496868742,16.001706643880485,16.581325309342404
73,0,1,6969,4.292150954225858,4149.117089969866,1317.7100014349262,16.061445777062776,16.640963482806782,16.735360701214606,16.174700986340223,15.02980833383412,15.450627961050706,15.801077627125126,16.643282225389097,15.973835946627899,16.580283477426164
73,2,1,7591,4.5546041364774075,4638.820840468977,1580.3812409432223,16.11907457909272,16.666619023059432,16.801854584313563,16.23919346834882,15.121107921388342,15.541054454808604,15.877329692332172,16.66574637027195,16.04625691656883,16.61583348279829
113,1,1,4557,5.298661400043889,8444.346061005048,3347.3971911345184,16.47862431136108,16.694675912649654,17.097948240727057,16.631223551348782,15.741688830016088,16.055219811725213,16.363788784782386,16.680783954537834,16.476263950916977,16.67043009561406
113,2,2,7192,4.620411568409343,7153.526835372636,3145.949527252503,15.708408748283693,16.489885833549444,16.306423312794127,15.929242738869839,14.455411420648028,15.001124755391169,15.230087562390183,16.474811710575125,15.659761990089917,16.45439139188367
96,0,1,2297,3.6447540269917282,5216.430996952547,2406.409664780148,15.056211974376792,16.34415036948396,15.477288693375765,15.333790781649167,13.378320584466207,14.266624978382849,14.232098799183992,16.32195579534645,15.027524386259065,16.334350349425105
96,2,1,4128,4.448885658914729,7783.726259689923,3752.4169089147285,15.796970198013542,16.60368769754508,16.422279586731104,16.02168213843303,14.571457620751938,15.275329391325805,15.35477954673147,16.584098720984112,15.798907570852327,16.60699004289977
111,0,2,2276,3.467486818980668,4607.755711775044,2541.6630052724076,14.563564221539202,16.204746920901975,14.871139825406283,14.906830461837448,12.37355922968371,13.390196320757346,13.334287209670704,16.120351298663266,14.473893093473999,16.191655165546724
4,0,0,4778,6.222268731686898,3369.6402260359982,850.9522812892424,16.474553626154123,16.652911269654428,17.298622439221223,16.560360643933812,15.68791969248206,15.832976716061484,16.43728072852142,16.69242742614388,16.37858882634277,16.54695199414613
4,2,0,7149,5.468736886277801,4062.751853406071,1133.751573646664,16.63541974132124,16.816731165376705,17.343488788394843,16.775368055923344,15.889309827121238,16.052215200031085,16.577897806163577,16.81810359226096,16.58113889468568,16.758818089506672
91,1,1,1908,6.280922431865828,10088.769916142557,3927.635220125786,16.655735411674243,16.841819474399223,17.0918272689531,16.783612681482357,15.950765115258847,16.37063317482302,16.495034235596517,16.720606838166717,16.68602919137403,16.85958421926546
40,0,1,6255,3.9226219024780176,4075.240607513989,1386.4505195843326,15.766067390982002,16.519020496945426,16.38315469080698,15.908433843682403,14.622248668620506,15.034644193756225,15.367209684441987,16.460463271024068,15.657157158458448,16.446921620757134
40,2,1,6255,3.9226219024780176,4075.240607513989,1386.4505195843326,15.766067390982002,16.519020496945426,16.38315469080698,15.908433843682403,14.622248668620506,15.034644193756225,15.367209684441987,16.460463271024068,15.657157158458448,16.446921620757134
117,0,2,2218,3.533814247069432,4878.644274120829,2758.785392245266,14.478431821183204,16.121605588418795,14.887161770277347,14.916438946586641,12.086942787523224,13.213053194776744,13.24748613322966,16.0366307718995,14.438578158879428,16.07829806432129
84,0,1,2634,4.150341685649202,5494.491268033409,2328.213363705391,15.426978847770263,16.565672374494774,16.198565810968844,15.687852607684276,13.903896652284999,14.390541064574775,14.941608398079852,16.636877738577027,15.333850135273122,16.513382897176232
19,0,0,10389,4.635672345750312,3582.7834247762057,1859.3579747810184,16.682939511116793,16.83843362269168,17.275179482933527,16.842494287920815,15.856815726540528,16.27641792823135,16.50515666924545,16.71730034486272,16.701847927697024,16.841537928867737
19,2,0,12582,4.48068669527897,3899.783341281195,1891.6998092513113,16.658455678883875,16.82270781544495,17.260266797694726,16.807214752867683,15.853170477755643,16.26957795859468,16.496087763265553,16.72445048606558,16.673334956414095,16.821335939111368
5,0,0,6362,6.721785602011946,3226.7472492926754,647.4899402703552,16.353192018191997,16.523945818365434,17.12281675730839,16.44773690894606,15.670661486381565,15.886376517650312,16.332854088082463,16.58510183518985,16.317527270150247,16.4792105771913
5,2,0,8522,5.829852147383243,3697.361534850974,985.604318235156,16.533462202225117,16.700141140310024,17.210553749395615,16.657267227831554,15.78297773912677,16.08040224198632,16.445420139569467,16.681185155510352,16.507586692195172,16.664968168722357
19,1,0,2193,3.7464660282717737,5401.521659826722,2044.9142726858186,16.559448049418794,16.757203829773832,17.19110939537591,16.660706038860145,15.827215184896948,16.2329671138112,16.451172985526256,16.74668686813869,16.55491141576795,16.733851802262876
53,0,1,4335,4.062283737024221,4097.17785467128,1284.1882352941177,16.042173783480138,16.675909269651235,16.648636445717596,16.21630605133602,14.912950280955265,15.35183069600234,15.673147992178672,16.648224222736363,15.972524804323426,16.620437115996932
53,2,1,4335,4.062283737024221,4097.17785467128,1284.1882352941177,16.042173783480138,16.675909269651235,16.648636445717596,16.21630605133602,14.912950280955265,15.35183069600234,15.673147992178672,16.648224222736363,15.972524804323426,16.620437115996932
83,0,1,2815,3.6149200710479574,5703.8497335701595,2776.2927175843693,15.193887994447916,16.375167158090328,15.651809081986693,15.463313622773624,13.80544388123253,14.389869636651367,14.56181956335457,16.41053854837061,15.159118112037122,16.390632933292817
83,2,1,4709,4.222552558929709,8437.133149288597,4554.969844977702,15.706182859153062,16.48046665673159,16.18505945315418,15.921274488344544,14.771384548946763,15.158073472555909,15.388843232427778,16.490379969774878,15.699877556077006,16.504141207126516
5,1,0,2160,3.202777777777778,5083.4949074074075,1981.4763888888888,16.897846927427576,17.05040410912247,17.352610754957034,17.09857216179271,16.036588940792296,16.468511442827847,16.67773855763657,16.87356114616057,16.908839472094392,17.05013745970387
54,0,1,5091,3.9021803182086034,3904.0593203692792,1140.955018660381,15.980554076015485,16.584466919488012,16.697734368695922,16.15554432856115,14.980887014774101,15.31230338523088,15.717733000899765,16.63633397800664,15.91696539341075,16.530383788678016
54,2,1,5091,3.9021803182086034,3904.0593203692792,1140.955018660381,15.980554076015485,16.584466919488012,16.697734368695922,16.15554432856115,14.980887014774101,15.31230338523088,15.717733000899765,16.63633397800664,15.91696539341075,16.530383788678016
108,1,1,3814,5.13791295228107,8219.968274777137,3649.3675930781333,16.550858254785936,16.77584429737734,17.04620968063229,16.71628051511103,15.931165188781963,16.25192848845734,16.402057384367396,16.721401430829268,16.590493436670474,16.784313714036923
108,2,1,6112,4.570026178010472,6907.69322643979,3307.033540575916,15.81851495411504,16.55199959564327,16.30760902235557,16.027361167924976,14.7038252024778,15.26139287972192,15.346264961564405,16.482075547406097,15.798337649931929,16.528544335424886
97,0,1,599,3.375626043405676,5470.320534223706,2622.569282136895,14.682111574341171,16.339406257784646,14.737353766413053,15.08426233189427,12.792232532991271,13.622688911381825,13.589363224693743,16.3193069919141,14.682677921472383,16.414247701624863
1,0,0,3676,7.4880304678998915,3655.831066376496,858.2434711643091,16.26936306245475,16.431811980272936,16.973473200140347,16.386265884109417,15.417998881564364,15.800002127265994,16.130884124342213,16.344046576939427,16.24894460462675,16.401521228587047
118,1,2,3542,5.233766233766234,9385.349802371542,3848.4260304912477,16.608504521309214,16.861743874818025,17.367460642390718,16.745487910509986,15.807768918176984,16.18042735369079,16.656623677484543,17.033395090376153,16.598406603228042,16.814241316408715
90,1,1,2015,5.47394540942928,11226.736972704715,5792.856575682382,16.62406135459521,16.872468959206252,17.242771044833777,16.800462843045295,15.988350804305886,16.302131162696494,16.60487417168062,16.934616858346242,16.6687546906406,16.905015351462183
90,2,1,2248,5.209074733096085,10551.127669039146,5429.41859430605,16.48111368072026,16.83643955655722,17.127641263586803,16.652742872114406,15.779879383822257,16.113167349449547,16.42052409708748,16.893962852640914,16.503096247924073,16.86967677583361
56,0,1,4856,3.8550247116968697,3949.9382207578255,1272.6997528830314,16.091419873941266,16.657617202783218,16.754636255034963,16.282091156399343,15.14561680947251,15.41723455935037,15.84281141371637,16.692744791578523,16.03898479456985,16.61730163814948
56,2,1,4856,3.8550247116968697,3949.9382207578255,1272.6997528830314,16.091419873941266,16.657617202783218,16.754636255034963,16.282091156399343,15.14561680947251,15.41723455935037,15.84281141371637,16.692744791578523,16.03898479456985,16.61730163814948
8,1,0,2500,3.444,5284.3948,1863.4128,16.65152300218801,16.799921105497567,17.156506678994994,16.882182792235792,15.791416551527131,16.097415054467135,16.40843904349819,16.56224685188825,16.65874014052981,16.807371605654485
105,1,1,2768,5.335260115606936,10955.20520231214,5934.808887283237,16.52390480389185,16.764606661502864,16.85785022016417,16.709580400108837,15.829342634509684,16.146736483175076,16.27498128486266,16.614807945507472,16.54495643990014,16.739877398568463
105,2,1,5040,4.315873015873016,8205.477976190476,4546.831349206349,15.591874992313498,16.536075816991364,16.18223192147137,15.833936485699972,14.209452342250813,14.859810313024527,14.997050078347234,16.42673107816395,15.552529119465458,16.4912290305422
15,1,0,1986,3.118831822759315,4828.797079556898,2038.6409869083584,16.756875722166452,16.907590096769148,17.205054217284374,16.871331276847467,16.126010354304157,16.365197242006552,16.66894984661902,16.849914543897878,16.73489855402565,16.88209778654153
0,1,0,2625,4.039619047619047,5381.784761904762,1936.527238095238,16.638095301368132,16.820859398668496,17.11551950920995,16.83172832464287,15.81949799870077,16.081716435714075,16.41633276227831,16.64764168025489,16.62092078926214,16.79556896109863
0,2,0,5715,5.8498687664041995,4392.492038495188,1286.9559055118111,16.432491329684872,16.615704606181332,17.018263463587093,16.570302999764255,15.667914140456329,15.963779440317529,16.273867600088224,16.515563408041764,16.41370842395961,16.58240652264009
13,1,0,1915,3.5759791122715403,5235.180156657963,1890.9660574412533,16.605782254279486,16.77792928367731,16.93998165438943,16.77350000836432,15.917421644212961,16.129040371225706,16.395074174869,16.601144718055714,16.598032175642878,16.764471130808573
71,1,1,575,5.579130434782608,9025.053913043479,4140.020869565217,16.18360331686157,16.357896523817246,15.671450093005678,16.41079795462464,15.441846890660788,15.952291646071524,15.63648844347888,15.861849982124854,16.31346768982878,16.47700864745223
28,0,1,8288,5.681708494208494,4164.100748069498,934.5943532818533,16.41421615350368,16.637943979732906,17.35132229532713,16.50654946639017,15.697242293111445,15.904122636871762,16.442384538767048,16.72039092124627,16.35189322383567,16.57740290617775
28,2,1,8288,5.681708494208494,4164.100748069498,934.5943532818533,16.41421615350368,16.637943979732906,17.35132229532713,16.50654946639017,15.697242293111445,15.904122636871762,16.442384538767048,16.72039092124627,16.35189322383567,16.57740290617775
79,1,1,3555,5.309142053445851,10111.458509142054,4870.3744022503515,16.58032448337956,16.830434791452344,17.568107466930435,16.695765841881716,15.717970555329874,16.03859841986069,16.67663560974698,17.018241419956073,16.526696109260772,16.763088164719655
113,0,2,2635,3.447438330170778,4921.168880455408,2797.563567362429,14.569805955060248,16.13532355947671,14.911184141949901,14.953613101883473,12.362824561660464,13.259733692278692,13.352141416812806,16.062099533078623,14.484190026004407,16.089248210789687
65,0,1,8955,2.7662758235622555,2451.8416527079844,702.7810161920714,15.573680734118755,15.850094972987414,16.10278895726973,15.547449195056075,14.841973324743739,15.171295050244062,15.37986303770177,15.861743818337242,15.524919563269691,15.759831461875676
65,2,1,8955,2.7662758235622555,2451.8416527079844,702.7810161920714,15.573680734118755,15.850094972987414,16.10278895726973,15.547449195056075,14.841973324743739,15.171295050244062,15.37986303770177,15.861743818337242,15.524919563269691,15.759831461875676
4,1,0,2371,3.9502319696330663,5459.498945592577,1703.6440320539857,16.856546912069863,17.04022365355736,17.392338094123804,17.06101943126734,16.181172989456073,16.34316421651235,16.77053621457896,16.987167317499924,16.853087110545225,17.04208187273808
83,1,1,1894,5.125659978880676,12499.536958817318,7198.568637803591,16.341089210911786,16.590504188160843,16.59575545381249,16.47399308873554,15.697957387129783,15.96328471524864,16.136467060330514,16.543439865199126,16.34316177775995,16.61751242377697
50,0,1,5065,3.9407699901283317,4116.612833168805,1477.5012833168805,16.02139556640621,16.667387034636533,16.691107451841656,16.196133720820992,14.911448997978114,15.29960430265048,15.692660510972724,16.647264655843905,15.939743263913474,16.603478914514206
50,2,1,5065,3.9407699901283317,4116.612833168805,1477.5012833168805,16.02139556640621,16.667387034636533,16.691107451841656,16.196133720820992,14.911448997978114,15.29960430265048,15.692660510972724,16.647264655843905,15.939743263913474,16.603478914514206
105,0,2,2272,3.073943661971831,4855.458186619719,2855.84463028169,14.613897755054042,16.250398390044346,15.353772030268884,14.952882862988176,12.272426023801936,13.208157839051612,13.44161669105257,16.14932737769669,14.485600688427862,16.173585897301034
20,1,0,2200,3.929090909090909,5584.106818181818,2122.257727272727,16.573681005961312,16.757474948785244,17.16261830112385,16.72034134140615,15.80716925269018,16.12606952392828,16.45101919743622,16.69378811488361,16.566492458414167,16.736058605135625
104,0,1,1709,2.9900526623756583,4624.381509654769,2235.1111761263896,15.009546811631763,16.328284229905144,15.422497931380738,15.267284815789598,13.175501235323928,13.944119681736135,14.113815201917882,16.323947626288593,14.907439441335896,16.29668932083773
106,1,1,3267,4.6782981328435875,8253.84940312213,4016.388123660851,16.502353205513877,16.708465969701738,16.853362069269313,16.7173659461305,15.771047864073395,16.06956292282695,16.271079861835954,16.557720020676314,16.540922882713872,16.725948514315792
82,0,1,920,4.504347826086956,5231.7,1953.2880434782608,15.365405205675057,16.414059149408843,15.96611592575234,15.586928648973549,13.605772100141182,14.148384512293733,14.620534606933346,16.18249901851531,15.205456465057294,16.313078870267177
121,0,2,2489,3.2374447569304943,4885.161510646846,2883.2808356769788,14.318105765146289,16.17565334518154,15.08497958811364,14.750754936852948,11.833539334890043,12.776833555431189,13.095222433903354,16.163787990262914,14.208416732047956,16.11912949551821
121,2,2,6227,4.771318451903003,7992.857876987313,3382.6367432150314,15.574035436595711,16.526733713533222,16.39769897417829,15.838103572309272,14.085495773354362,14.787822790342997,15.043968828908605,16.54466022768277,15.542256357596658,16.489341005438312
116,0,2,2210,3.2941176470588234,5423.05701357466,3330.607692307692,14.49450769641594,16.17385840940632,14.849242997288705,14.895372102086554,12.355328189157362,13.245498581955804,13.240950037448812,16.06343916624251,14.424506302839989,16.15537728610929
121,1,2,3738,5.79266987693954,10062.161316211877,3715.1399143927233,16.509507150296358,16.731097949698334,17.232005092723327,16.608135225304146,15.691075542825848,16.050624201243338,16.4054534333597,16.749779608652656,16.485188757856534,16.69084015517955
89,1,1,1504,6.26595744680851,13397.96010638298,7108.844414893617,16.847870842104644,17.054282415905845,17.62121607759672,17.03293830240436,16.030964903334848,16.40042168974497,16.787295005931576,17.102056823127572,16.86335576931765,17.06679667469459
89,2,1,2803,4.869068854798431,9650.28897609704,5007.924009989297,16.151869832623458,16.812158164805794,17.102290453644233,16.326296787962416,15.083877301021381,15.523500826149037,16.006946911352774,16.904424290160318,16.092921397802968,16.78849635282848
81,0,1,2606,4.848810437452034,4589.596699923254,1445.9566385264773,15.803543724583744,16.447238441319985,16.251034074198472,15.956058990290966,14.788044525334868,15.270761325556728,15.397396669046971,16.396484529725644,15.770134888519024,16.408225383958975
0,0,0,3090,7.387702265372169,3552.0734627831716,735.1355987055016,16.218890889751506,16.40090727896629,16.909689885783738,16.28973492178584,15.523367147946038,15.847036827244837,16.131587284878194,16.38229456295731,16.201579087462186,16.363559479714812
75,1,1,876,6.21689497716895,7190.074200913242,2218.6358447488583,16.690248270952136,16.86807602955118,17.265710255280435,16.826615758746193,15.99419141739554,16.18932918763294,16.49526587035407,16.73495888950406,16.6548220171286,16.826044424302427
126,0,2,2581,3.4366524602867106,4773.111197210384,2764.402557148392,14.51955447302206,16.178686412004268,14.980197609631995,14.942120914045615,12.052567869178485,12.870965238302219,13.112234877081375,16.105522379162423,14.369314814847424,16.13617433633321
126,2,2,6546,5.553926061717079,8732.368927589367,4743.451879010083,15.66533205200273,16.51640268244592,16.469530556182427,15.902418767628093,14.286686306914548,14.866293795544822,15.187820600790406,16.539878715471918,15.60406636270178,16.471269915318942
61,0,1,8009,3.7300536895992007,3135.2080159820202,825.3585965788488,15.783212284830075,16.145987264153387,16.37503306216517,15.812774456835102,14.986749940180015,15.247062970445667,15.58438308329253,16.129544467170383,15.718132228874625,16.062568088991096
61,2,1,8009,3.7300536895992007,3135.2080159820202,825.3585965788488,15.783212284830075,16.145987264153387,16.37503306216517,15.812774456835102,14.986749940180015,15.247062970445667,15.58438308329253,16.129544467170383,15.718132228874625,16.062568088991096
7,1,0,2384,4.052852348993288,6883.361157718121,2606.344379194631,16.681940340363706,16.844016840846972,17.197810517152895,16.856061695218337,16.028707601017135,16.216647263668925,16.583024968679187,16.770553446798054,16.673294161347698,16.823021744187525
78,1,1,3017,5.3291349022207495,8762.008949287372,3769.9347033476965,16.479066218743284,16.677158360294364,17.035865773802367,16.602847975265433,15.843422628487742,16.148536995611416,16.390458247317962,16.69129431186481,16.510403491371545,16.692076904104727
44,0,1,5516,4.537708484408992,4153.321428571428,1238.7808194343727,16.091763810242778,16.590550681974502,17.00298214236859,16.260007934804825,15.20550427905122,15.493598041515597,16.031739503419384,16.728970014910686,16.053244281817392,16.558475536716074
44,2,1,5516,4.537708484408992,4153.321428571428,1238.7808194343727,16.091763810242778,16.590550681974502,17.00298214236859,16.260007934804825,15.20550427905122,15.493598041515597,16.031739503419384,16.728970014910686,16.053244281817392,16.558475536716074
96,1,1,1831,5.457673402512288,11004.412889131621,5440.990715456035,16.70685199161384,16.886996748977385,17.392056140850478,16.879582916251632,15.882283905677662,16.352799982597322,16.583864934462287,16.83313852576383,16.725793639612295,16.897655051623964
108,0,2,2298,3.627502175805048,4729.704960835509,2738.8603133159268,14.612232253975295,16.124847013498496,15.032277002345738,14.942919115031422,12.389288186362966,13.43622183128279,13.421672389972615,15.960745640852299,14.507170265046092,16.042659726458197
21,1,0,1569,3.052899936265137,4762.0873167622685,2086.4601657106437,16.472661618991694,16.64955507245297,16.948389436743394,16.63067963271101,15.668481195442277,15.983961653032553,16.280150030676097,16.51699498637596,16.45835814897652,16.62212085285992
11,1,0,2256,3.5700354609929077,6635.4556737588655,2873.2136524822695,16.74931104354602,16.91175358765547,17.24061661375976,16.893613040179567,16.0877477142093,16.309198986103507,16.64485117943524,16.842191176272724,16.722735407861272,16.87656446059112
101,1,1,2466,4.86374695863747,8619.357664233577,3885.9959448499594,16.603290545040437,16.822649548201134,16.986443857155603,16.741883904019243,16.05872505242072,16.29699721298578,16.486583931654298,16.78560253679106,16.61938805000976,16.807464050759595
101,2,1,2466,4.86374695863747,8619.357664233577,3885.9959448499594,16.603290545040437,16.822649548201134,16.986443857155603,16.741883904019243,16.05872505242072,16.29699721298578,16.486583931654298,16.78560253679106,16.61938805000976,16.807464050759595
115,0,2,2913,3.53038105046344,5000.701338825953,2793.2190181943015,14.546458913870838,16.152044123041204,15.133209337851909,14.947827189631203,12.198304275738447,13.337003831867554,13.300128233819137,16.068415623091713,14.47955385869737,16.14327287884196
62,0,1,2427,2.84548825710754,2472.1186650185414,605.2674083230326,15.569094215907759,15.918670657681899,16.276356200903585,15.579987008592425,14.754498383820389,15.169852350459351,15.418571303858576,16.117909807364168,15.580097520005628,15.910677230084843
62,2,1,2427,2.84548825710754,2472.1186650185414,605.2674083230326,15.569094215907759,15.918670657681899,16.276356200903585,15.579987008592425,14.754498383820389,15.169852350459351,15.418571303858576,16.117909807364168,15.580097520005628,15.910677230084843
87,1,1,2037,5.3205694648993616,9085.183603338242,3856.2901325478647,16.667472160814228,16.830275763196113,17.272409717317693,16.85446191938958,15.884848069546678,16.161074485458318,16.508976583339884,16.758884914693624,16.66355160132257,16.814818529660126
119,0,2,1956,3.4427402862985685,4549.518916155419,2543.5035787321062,14.557457508106747,16.161904160483623,14.96514382542544,15.002180188467358,12.295089280346362,13.191716947433893,13.389140456744245,16.026667367043043,14.485726760584765,16.12331517714379
76,1,1,1364,7.035190615835777,8611.967741935483,3088.1466275659823,16.38898158475922,16.58914534053202,17.09649491241117,16.485715723888628,15.656043492228939,16.022107761265154,16.293618924470543,16.545404581066943,16.368475723622034,16.54519954081094
109,0,2,1289,3.0969743987587277,4564.843289371606,2683.5787432117922,14.423985997497198,16.042038307512453,14.628270287884433,14.68780430316844,12.022923621658258,13.450298140771134,13.058583018390333,15.877575979638081,14.336595439579845,16.019019192017964
63,0,1,3003,3.718947718947719,4776.2610722610725,1831.1365301365302,15.557156138842124,16.45207897526082,15.957321039040698,15.775902504480067,14.324533284602829,14.760685886890691,15.033851935038134,16.416655510380004,15.493367664283014,16.40846068395364
63,2,1,3003,3.718947718947719,4776.2610722610725,1831.1365301365302,15.557156138842124,16.45207897526082,15.957321039040698,15.775902504480067,14.324533284602829,14.760685886890691,15.033851935038134,16.416655510380004,15.493367664283014,16.40846068395364
64,0,1,4985,4.291273821464393,4469.824473420261,1490.7532597793381,15.84938490361238,16.614138663937172,16.484737877196277,16.045767779129854,14.704262743306902,15.054387345649204,15.436262266433308,16.60381728960968,15.768910265366094,16.565546616642884
64,2,1,4985,4.291273821464393,4469.824473420261,1490.7532597793381,15.84938490361238,16.614138663937172,16.484737877196277,16.045767779129854,14.704262743306902,15.054387345649204,15.436262266433308,16.60381728960968,15.768910265366094,16.565546616642884
23,1,0,1717,3.4105998835177633,5268.580081537565,2099.2824694234127,16.682429136139636,16.844045962877384,17.40878591811504,16.858613769235752,15.962453565443514,16.195781214510568,16.687935170726018,16.86862928059697,16.670893145484037,16.821229500805877
80,1,1,4340,4.981566820276497,11458.115207373272,6422.381105990783,16.63348351677074,16.923205355104372,17.71280450440256,16.73781998040453,15.772898702280985,15.980367399783129,16.77636594876142,17.133980860295893,16.529906468988766,16.843670984530974
94,1,1,906,6.0,13075.519867549669,7915.270419426049,16.386352428337084,16.601010723663443,17.063623239978703,16.454760123467313,15.430235893979082,16.006784703728034,16.16802697867919,16.47563715748641,16.355135339538336,16.542967585569556
74,1,1,552,8.521739130434783,10764.672101449276,3789.2192028985505,16.59006948550372,16.801446981699126,17.39750019838438,16.895992769387725,15.518144958717956,15.938247462353834,16.35321392039708,16.699909969718657,16.647978750995954,16.84637326671542
89,0,1,1299,3.251732101616628,5311.183987682833,2575.4495765973825,15.282667789927915,16.478607868634764,16.37222627099673,15.446938042531018,13.647446294369818,14.338990920738686,14.87051313888553,16.599459607033904,15.126128573711025,16.394698773567637
100,0,1,563,2.827708703374778,4611.939609236235,2381.91296625222,14.800168504957979,16.116313826819365,14.54881879646164,15.045934723435384,12.910392260068198,13.919792303013299,13.661565426225447,15.840298430079919,14.736263979308017,16.098737429351416
100,2,1,3022,4.7935142289874255,8177.315023163468,3677.436796823296,16.42393742775633,16.825927381096328,17.0091470273345,16.579005791615767,15.78615037573681,16.013701270604162,16.341960585799782,16.91078925577715,16.414173461214993,16.80703007508794
93,1,1,2130,6.00093896713615,19579.68732394366,14052.853990610329,16.544714420306345,16.735327764719397,17.309338470468283,16.698171894882194,15.579943660050457,16.01181541503722,16.363432125524394,16.68720345945702,16.528740634207175,16.709097688422414
86,1,1,1587,6.098298676748582,10904.589792060491,5068.225582860743,16.601405518517723,16.787346193032178,17.277240948978527,16.798612405159602,15.659316288944613,16.128968175917276,16.34186980051226,16.6403239976047,16.62196988258721,16.783927790133195
99,1,1,2525,4.725544554455445,10269.080792079209,5941.808316831683,16.684763830055847,16.91416929686384,17.54356404808643,16.89834853407395,16.160176225748106,16.3959308331031,16.795230211861107,17.08287242546469,16.759676743152237,16.952390365385472
99,2,1,2533,4.724832214765101,10253.691669956574,5923.737860244769,16.68468490652778,16.913486746116572,17.54744793479114,16.89945557460346,16.158592878947186,16.39327984878956,16.795727402527906,17.082572908222836,16.759474809978176,16.95192867646681
126,1,2,3965,6.932156368221942,11309.631021437579,6031.705674653215,16.537143259534332,16.721245700358104,17.221729516369788,16.601093640029113,15.855180838269225,16.13160473123799,16.507105212688998,16.74373143477172,16.49170543395154,16.658707007743466
25,1,0,834,3.839328537170264,5849.360911270983,2314.0827338129498,16.73174542726714,16.930798063058575,17.380731266944732,16.911669479422475,15.726637139556914,16.426711151240937,16.496916972133505,16.755955972402198,16.759858198438565,16.93935158643258
77,1,1,2259,6.049579459938026,11387.390438247012,6105.548472775565,16.53310041825838,16.741812642473995,17.414035459104287,16.70807040164106,15.859615691402139,16.092589573724997,16.554140483749986,16.929752106046674,16.571893166393203,16.768361572090587
100,1,1,2459,5.243594957299715,8993.625050833673,3974.053273688491,16.748014429423904,16.94934272396689,17.413618003830393,16.903086946426896,16.180834551724452,16.370065079082753,16.75207575210058,17.044222027469324,16.751224411835288,16.93226739355161
120,1,2,4419,5.270423172663499,8650.818963566418,3115.704231726635,16.520677113069336,16.747024030219613,17.214545332163432,16.683625939120173,15.816208765708433,16.081800130454766,16.431910320569145,16.76105633245611,16.530442376048278,16.73205698394858
95,0,1,1038,3.5394990366088632,4613.21676300578,1831.708092485549,15.352038227820804,16.49663884125911,15.351982358583069,15.589906600723742,13.759402264734192,14.527615860389899,14.41429768022171,16.01060150895759,15.288754670412743,16.430889714790688
95,2,1,1855,4.517520215633423,7164.241509433962,3043.732075471698,15.815001667492691,16.518880556723875,16.247986308918247,15.996094978551826,14.864766725069947,15.304428445385748,15.443767950024846,16.420844294487747,15.802432987089986,16.50520020841664
72,1,1,670,7.217910447761194,9244.432835820895,3281.8985074626867,16.143273416329436,16.333540276876096,16.67469732114086,16.29222328700596,15.414550312432267,15.80135420193258,15.951801768509728,16.227489483430055,16.171048872365635,16.361176024987778
88,1,1,1754,5.621436716077537,11172.415621436716,5935.9025085518815,16.723051075242452,16.94238402171222,17.558404462611197,16.984738716845417,15.888101023158052,16.203267305579196,16.699942152545013,16.986103138998605,16.77407918539244,16.978365887612654
88,2,1,1754,5.621436716077537,11172.415621436716,5935.9025085518815,16.723051075242452,16.94238402171222,17.558404462611197,16.984738716845417,15.888101023158052,16.203267305579196,16.699942152545013,16.986103138998605,16.77407918539244,16.978365887612654
95,1,1,817,5.760097919216646,10405.323133414933,4583.610771113831,16.31725085177194,16.53291992018988,17.179236801553543,16.430518101123827,16.0494140638046,16.122609720295056,16.553327149359575,16.80127107339066,16.375143278127496,16.577885374044588
73,1,1,622,7.495176848874598,10125.549839228295,4523.397106109324,16.704734864836016,16.919633484575165,17.515750870342703,16.90486477655152,15.871276056162383,16.341053219940925,16.598712180544744,16.869592367031792,16.773846304780406,16.95720114475673
24,1,0,191,3.612565445026178,4991.539267015707,2014.151832460733,16.441526564183274,16.572345125018614,16.74616361128076,16.53085613608128,15.496014229095803,15.853411726361978,16.16638555086757,16.323882681070245,16.33271439140202,16.45629349939839
70,1,1,177,4.045197740112994,4784.2316384180795,1304.265536723164,16.161562755872307,16.311948420848715,15.670018801944293,16.522655401829343,15.445299573261941,15.86533756223531,15.616924827886194,15.781333716146177,16.357734111192404,16.53219498526986
90,0,1,233,2.9184549356223175,4708.412017167382,2286.3819742489272,15.018990808022208,16.44399812525903,15.552833818050232,15.176625986270679,13.352073158093509,13.964793552393116,14.196605954176524,16.39692762444927,14.819580501746541,16.46966919502478
99,0,1,8,4.5,"[2419, 1173, 32, 17828, 2173, 11186, 4059, 4302]",220.25,,,,,,,,,,
99,0,1,8,4.5,5396.5,220.25,16.576912704559174,16.642780300713024,18.931568569324174,17.31388838905912,15.460772777212318,15.476426283185166,17.278808668318522,17.278808668318522,16.702447138094886,16.79960537680447
