,concept_diversity_across_time
1,-1.0033921481266415
13,0.4629829541469146
16,2.0978193886973333
19,1.1519093520679942
20,0.0
22,0.3839817666519014
24,-0.5371964514026182
29,-1.806598769953771
33,-0.19880399469042587
42,-3.831894362242494
48,-0.9361306619096794
60,-0.3843788333547433
62,-2.0762709015297958
63,12.536692563391453
64,0.04668968165793608
66,-0.0060934807430257365
81,0.33126353928226493
83,-0.45815654126995753
110,-1.3487300098333481
112,3.4475160860991654
117,0.5835659921031464
121,-2.4745988489510786
122,-2.3818221158726587
124,3.7602980994431565
132,-3.147176515688834
138,5.820061646895601
145,0.0
155,2.9952032095371806
156,0.0
157,0.6629825242588403
163,1.5723287921201123
168,0.0
175,3.887791229822266
177,-0.5127985933051846
180,-0.4219175092332783
184,-0.3682967275771407
194,4.897735851092724
195,0.0
201,0.0
216,0.319866063583774
219,0.42722225804748604
224,0.3048138042439277
229,0.0
231,-0.43579302895885164
238,-0.8028177883360499
240,-8.68135353395391
242,1.1346754838425657
244,0.4790902514593576
254,4.615315611524162
257,-0.18323366212592518
261,1.7926631740419126
262,0.0
264,1.3395172404824542
267,-0.6175761265155124
290,2.1288721614143817
293,0.0133458008452223
296,1.2238151290277752
300,-2.222181803685766
303,3.7311272906455013
304,-1.69209105995259
307,0.03021562743197137
316,1.4087794941806902
317,-1.8029033295340167
326,0.24068687468778194
333,0.6431767040352447
340,0.0
342,1.1923979853995448
346,-0.884538833897313
354,-3.0276059275019023
367,0.6343648843136371
368,0.0
371,0.05165391533730457
374,1.208946197364126
377,0.4645038940062065
383,2.454700560291906
390,0.0
396,-0.02029853332820153
397,0.0
398,0.0
407,0.0
412,-0.5746338572445175
413,-0.5434958169093136
416,0.0
417,1.3502226600537952
429,-0.5147230365772977
431,-1.8175134774955843
438,-2.445594854061362
444,0.11468963280233879
445,0.0
447,-0.08845153174470255
455,0.3153679619403249
460,-1.960676702742628
461,0.5715856517271476
462,-1.5280685404119545
463,1.7913469458361408
464,0.9668385729046456
469,-2.413962286684553
480,-0.07560429723581663
490,1.991279411952208
495,2.6294566660368073
497,1.240528385082012
500,-0.5146143827179799
505,2.099518507989856
514,-2.401682457252477
515,-1.396425231838485
517,0.0
518,2.1554362490718155
521,2.556387500371118
524,2.9286295772467827
526,0.44540817755479445
527,-1.9446781444211432
531,-0.2687186225807494
533,-4.371950278715348
538,1.681586630945544
547,2.318920260597057
550,-0.13673761265403428
554,0.8350030917947642
559,-3.4762484466053483
565,0.8997184421426638
566,0.0
570,1.4628113336229216
572,0.0
579,-0.9774432602782213
583,0.0
587,2.538107071836434
593,1.5359475684347608
596,-1.0091540956753882
599,-1.2841344722202397
600,-1.412757629699442
601,3.619543150534845
604,-1.3696843490123243
610,3.052632572071209
617,0.0
631,0.0
633,-2.0120321604942113
643,-2.5239608817363823
645,0.06069016767168023
666,-0.1334602499019759
667,-1.5850667053643068
678,0.0
683,0.0
685,0.0
690,0.0
691,-0.5020361657247001
697,-0.29619901565813933
700,-11.74973471036994
702,0.8295866171186717
725,4.014313428977401
727,-0.42615239942921335
735,-0.5003568031591925
740,0.0
741,0.9022924924218323
744,0.0
747,-2.036251753658881
749,0.0
754,-0.408884538847488
755,-1.9995047787492517
758,0.0
762,-0.706674405955825
771,-1.99831001622114
772,2.0614732287571265
776,2.5932302532050677
780,0.7185627533913248
783,0.8601306453079296
784,1.7734349972614165
786,-1.518016388795978
789,0.13861694755714637
793,0.0
807,0.09395204806175173
820,3.6239467300564563
823,-1.1633769349135523
827,-1.9995047787492517
838,3.586383852859468
839,1.6393849862912795
845,0.0
847,0.0
856,0.31554139951074944
863,1.9033125005547866
865,0.0
871,-1.6392731842822457
881,-3.1237932432151077
889,2.267304900806021
891,-0.11737739180481199
899,-1.6672535530328805
903,-1.7059345906802843
915,-0.817749291891225
917,-0.502519483289138
922,-0.6252469881611535
933,4.127747464839583
936,0.31329107842180903
940,0.8643242081372229
945,0.03285380334123644
949,0.0
954,-4.474859359357946
962,3.582835218508855
968,-2.8100049235327536
970,-15.415752769765964
971,0.0
976,0.0
981,-0.7217664148732972
985,3.9652835599875047
987,0.0
993,-2.237500269429585
998,2.9311054735825977
1001,2.987326033804722
1003,-2.688062439433228
1005,-2.0007042636394523
1010,0.07567675022970022
1030,0.0
1034,1.6848572392120431
1036,0.7253929278824476
1041,5.061996452099683
1049,0.973457618842879
1057,0.0
1062,2.3222410145703147
1063,0.6435062529288498
1064,0.0
1069,0.0
1074,0.0
1076,-0.045441404605821134
1077,0.16454568132669323
1078,-1.9482732012915775
1083,-1.69342910396308
1084,1.116592569541151
1094,1.9541369537711901
1095,-4.561302429020451
1098,0.0
1101,1.0360056111306406
1103,0.0
1116,-4.614841084755248
1123,-1.6468360250806917
1124,-3.7513111824437058
1131,0.9455249675381694
1134,0.787849836184229
1138,0.0
1143,-4.235482483153493
1145,0.26047371029416944
1148,0.0
1157,0.45267590476367303
1166,0.07274167018611521
1169,-1.0599222850207397
1170,0.0
1173,-1.4557376046040282
1175,0.19369920342444047
1182,0.1392603221369555
1194,-2.497158706580521
1195,-0.9460915054690275
1202,4.386195647369174
1204,0.6596045936210881
1210,0.6879072023261692
1212,2.012935933912164
1216,-0.010949998144436535
1229,0.0
1232,2.570500275063628
1233,-1.067492751288274
1236,-0.6032797382671227
1246,-1.430545833925919
1250,0.0
1251,-1.0677571308877063
1253,0.0
1256,0.1329004902865467
1261,-0.8690642898476852
1264,-0.7953910264179385
1266,0.47222012778328804
1275,-0.42049646842102106
1286,-3.8489509989784008
1297,5.190829033596431
1314,0.0
1317,-2.7832966859390353
1321,3.9658411267383524
1322,0.0
1323,0.11136154170640822
1324,0.0
1333,1.1064372335196495
1337,-1.2064517998385558
1339,0.7590329669230638
1340,-2.1487331564082233
1341,0.47974366308162963
1344,-0.43813667513927257
1347,3.0150525440715263
1348,-1.8669149119693458
1357,-0.9744119362222676
1360,0.0
1372,6.619275938832738
1383,-0.2044423029540745
1386,0.016684822973921598
1387,-0.36838681111993665
1388,1.4713229684585336
1390,0.46252586731830725
1393,-0.7729037433296053
1398,0.0
1404,-2.2541934795452985
1405,-0.2384392114411895
1408,-0.13073022764683984
1409,1.3105191874921651
1417,-0.6361728569438263
1419,1.9901640225718538
1426,3.2879397961974917
1430,0.0
1435,0.8033251856778634
1439,3.8110271985744966
1440,2.368586910443568
1441,1.4993219345877247
1442,0.0
1461,4.339001616029085
1465,0.0
1472,-1.4967597822766532
1475,1.1932054335300961
1479,0.3720626046297273
1488,3.0859680209822873
1489,0.19742329373670486
1490,-1.8007020947287913
1491,2.6086362125915183
1492,-2.1212548282292865
1494,-2.8325717168461466
1498,4.648704770821185
1499,-0.4747120870367887
1506,-1.1457515993564673
1508,4.155498652724853
1512,3.901769042246652
1525,0.1395062049859188
1529,-0.0225124916156485
1540,-0.6754240525980926
1543,-3.386821758969994
1552,0.0
1553,-0.009471167686944781
1561,3.3853500736964666
1563,-0.37370012368852557
1565,0.0
1571,1.4029251093645563
1575,0.0
1576,0.973809505253417
1577,0.0
1581,-1.3047253546360942
1588,1.7271972288407351
1598,-1.442980312263968
1599,-16.952097180586385
1600,3.0327805540450203
1601,-0.7030546279190908
1604,-0.5280002581363217
1609,0.0
1610,1.6780629233122752
1611,0.0
1629,-1.3809902004512242
1639,-0.7896372844247921
1644,1.7049206067139373
1657,4.081354007238668
1663,0.23542739272361146
1665,0.968566745716382
1675,0.0
1677,-2.4178436582630933
1690,2.0036301474657296
1699,0.5304605276661682
1702,1.8005003801158423
1714,0.1898565861022945
1720,0.0
1723,1.0836318387667525
1725,1.2308612236426768
1729,5.030747594105268
1735,-0.6805292847748845
1736,0.0
1746,1.4083786749979375
1758,-2.8914835699544437
1761,0.6390809837812128
1762,-1.8467974443264552
1768,-4.429985489561231
1770,0.0
1779,0.6327884233566792
1780,0.0
1783,-0.9157057637423556
1784,-1.0901845032325426
1791,0.0
1796,-2.5652645899342854
1798,0.015719733197656183
1803,2.3976266343594634
1806,0.0
1809,0.0
1813,0.55784289449136
1820,0.7723413195348208
1822,0.1606535903919557
1824,-6.618185129882519
1831,1.3330031858328315
1836,-0.2208065312419194
1842,0.42515812316113966
1843,1.726914955143318
1858,3.507173396139393
1860,0.0
1862,-0.020741531380732425
1863,0.5956908919850878
1864,-2.6206385466876068
1867,2.244233470131725
1869,0.0
1871,0.0
1875,2.221673871209717
1876,-0.3430635512589184
1886,-1.6797566262339885
1889,-3.5251192360375843
1897,-4.157199158381442
1901,-0.6004699426309266
1904,-1.4192368641278676
1906,0.0
1907,-2.16164106413423
1913,-0.6051486466340243
1922,0.22012069788719302
1927,-3.249373583752174
1947,-2.6178759804765868
1954,0.0
1980,0.0
1985,1.1745548029380064
1989,2.621038374984341
1990,0.8671110753474913
1991,0.0
1992,0.0
1995,-1.85507545275809
1998,1.4742974975764618
2002,-3.2202669044855217
2004,-1.372870205269347
2008,0.14463730888496684
2014,-1.4049106303273717
2019,0.7801429650869984
2023,1.1656520851438046
2024,-1.2853733275123194
2026,-3.58007426482426
2032,0.0
2043,2.5207782778303134
2050,1.37609084278413
2054,1.54140321183883
2056,0.0
2057,0.0
2058,1.3274755895145063
2059,0.0
2060,1.3833427635616324
2067,-1.2346428518594372
2068,3.6520359312314667
2069,1.7059233435738825
2070,-4.1644121232365094
2077,0.0
2086,5.138825552130696
2088,1.7556274706642423
2091,0.9654266494185268
2094,-2.4404569170767783
2096,2.0293811655218263
2099,-1.0004520888939084
2102,0.0
2105,-0.9081809281013413
2108,0.20594711263222365
2118,1.1814709683892914
2135,-1.6367268104896429
2138,0.0
2142,0.34882313867453973
2144,-1.0134520448723698
2150,0.8224811798678253
2151,-1.2000227298869355
2153,10.62009732616649
2161,-0.9421007407170414
2167,0.8291393979212245
2171,-3.368647011870843
2176,-1.3850748382377347
2182,0.0
2185,-0.04399258304255227
2186,1.283285436174797
2192,-0.6460121784093005
2197,-0.9656102262028163
2201,0.0
2204,0.5788176325097041
2206,0.14903565758826431
2224,-2.1794552389404718
2226,0.0
2228,0.0
2234,0.18088587236029596
2244,-0.7574610409868754
2251,0.07873708634961929
2256,1.0359676054040978
2257,-1.2716494828027933
2261,-0.3658043615903548
2263,-4.187541381092652
2264,-0.5940609124016447
2271,2.5589109954611917
2272,4.457238163051139
2273,7.569954124141335
2279,-0.9463748011774165
2280,-0.6536408658646344
2288,-0.3974677236182771
2294,-1.70232460633291
2298,4.18676379648325
2306,0.0
2312,0.09815358722843825
2317,-0.6668214555538068
2318,-0.7786651284104629
2319,-2.354780759091666
2320,-6.0666295568229245
2321,-0.79121587726587
2324,0.045319783684870885
2326,0.0
2327,-0.627792228970991
2329,0.9167047003209277
2334,-1.953878906232136
2335,0.1575543258818044
2338,0.0
2339,0.0
2346,3.7595186600850727
2354,-3.012103610649339
2357,0.0
2358,0.0
2361,0.0
2363,0.0
2365,-1.4553520247324911
2368,-2.878848269561132
2372,2.4695794044306094
2380,-0.7903634301139206
2386,1.9308532988370537
2392,0.9654266494185268
2402,0.40081452126178263
2405,0.0
2410,2.0493197096319555
2411,0.6007411684386703
2415,-0.8819186256951284
2420,-0.04621709144645436
2427,-1.4341825354236768
2428,0.0
2438,0.0
2442,1.289022885041371
2443,0.0
2445,-0.11517193178874408
2446,0.6767765773379502
2453,0.0
2456,3.930957820031404
2466,1.487481029292157
2467,-0.08079066521989375
2470,1.0637162485891238
2471,-0.8079977290803164
2473,0.0
2489,-3.264256312966621
2493,-3.5995776605841243
2498,0.0
2504,0.0
2505,-1.948327823991848
2509,-0.4422692498575955
2510,-0.12035773049466414
2513,0.0
2517,-0.6552595937460808
2520,0.0
2539,-7.135869590164514
2540,0.7108301494427778
2547,-0.02807611060343973
2548,6.375030095891162
2549,-2.6257113572274484
2556,0.20413750076174964
2557,0.0
2560,-0.32401730014390395
2562,0.9066246593465586
2570,-0.11708072533770064
2571,0.0
2573,2.275017347179311
2593,-3.7766429824245353
2595,3.0961045897030726
2596,1.1498520918754664
2604,0.0
2606,-0.2884699153192898
2613,3.67720749184304
2615,2.576738211555483
2617,0.09965645268734669
2620,-3.607942765307156
2622,-6.461395258924572
2624,-0.0032027968504912963
2630,-0.565263609561443
2638,1.0664389516540886
2643,-3.8019785693050583
2650,0.0
2651,0.2571820016289301
2654,-0.43512466424533613
2658,0.4213570520040584
2675,-0.303726394537442
2678,1.5045785194207788
2684,8.144049914684159
2690,0.0
2696,8.596886156052774
2703,0.0
2704,1.598055292405153
2706,-0.7748635705027311
2708,1.3693834485890655
2711,1.9336962596899294
2713,0.0
2715,0.0
2731,2.4448821515716315
2735,0.0
2736,-4.000209042388704
2737,1.9308532988370537
2741,0.0
2744,-0.11322761621998545
2753,2.7543386935676217
2754,0.7116384029679956
2755,-1.385429641143988
2759,0.0
2760,4.753407611398716
2767,0.1237114339987535
2770,-2.3562176376122075
2772,0.0
2773,-1.5221430405249823
2775,1.423725423299432
2778,-2.201045937198863
2779,0.0
2794,1.1581011581423155
2803,-1.3565417875752352
2804,-0.015227962736883427
2805,2.9587859711106805
2814,-4.439310255485321
2815,-8.950668426592744
2816,1.6668537247361463
2817,-1.2841817491854854
2820,2.373425311623807
2821,-0.7031830663103804
2822,3.3478206365693755
2831,0.7213470612760684
2833,2.402055908063419
2834,0.0
2840,-0.05992919491001558
2847,-3.031881959975827
2853,-1.0495917063284743
2865,-2.8628797152199965
2866,-0.8925395794176509
2871,0.0
2872,0.6438510815890837
2880,0.9369241140069793
2885,-0.31421077697845234
2886,0.5794114348658823
2887,1.5405078015321756
2890,-4.264808358934717
2898,2.5004829294343747
2900,-1.7194792216926764
2902,-0.042301302917925554
2904,0.15293768847887534
2909,0.0
2910,0.0
2913,1.5391975343265756
2915,0.0
2916,0.2084306922364938
2921,-3.2443678831988496
2940,0.0
2948,1.308307712855422
2955,0.8502313129479191
2957,0.0
2961,0.0
2971,-1.857591333154918
2972,0.5517294894244067
2973,-0.5792559896511165
2983,0.8830399729170626
2992,0.0
2996,1.7645139417379845
3002,2.558885015360829
3003,0.0
3006,-3.2879397961974917
3013,0.0
3015,2.5489691181141954
3021,0.0
3024,0.0
3032,1.0452215214546143
3039,1.211120702050824
3042,3.9928725997142696
3070,1.4092733280441045
3071,-1.8564965960090767
3075,-0.6405162569294802
3090,-0.7779378256466245
3091,-1.3105191874921651
3096,1.944125164086289
3097,-3.784893222404314
3098,0.3676818823614827
3099,-0.381491255859844
3100,1.7037401724439913
3101,0.6608519674057121
3102,-0.04761654094106049
3103,4.333368560427587
3104,-1.3973812281209472
3105,3.1893990465045476
3106,-0.31677518215825096
3107,-0.9654266494185251
3108,-1.3368865346647247
3109,-7.334041265922009
3110,-0.3681762788594085
3111,1.7616167464298016
3112,0.4464607752620484
3113,-0.7411736230317949
3114,-1.1631975577330778
3115,-10.871721244900328
3116,1.776376654277584
3117,4.000209042388704
3118,3.2771916824600087
3119,4.0487832262263215
3120,4.772550361923525
3121,1.1103324236514922
3123,-1.898961645785242
3128,-0.6030492643427436
3131,-1.917991917108644
3136,2.0001045211943502
3138,0.8006508707945432
3142,0.03806658561149234
3146,-1.0606823115481063
3153,0.0
3154,0.7592207085864864
3158,-0.6820060706892708
3160,-2.1819697068557975
3162,3.5005922767392477
3174,0.0
3188,0.0
3192,0.0
3195,-0.9546899331102807
3196,1.504432665716081
3205,-2.6021108649240503
3210,-2.111580400910711
3212,0.1634953351954529
3214,0.0
3215,0.0
3221,0.0
3224,0.0
3228,-0.01779088263668882
3239,0.0
3248,-0.5222808823137068
3255,0.3844982331971707
3257,-3.455142286139008
3260,0.043050960733307164
3266,0.0
3269,0.9194539518271689
3272,0.0
3273,0.8050597509672119
3274,4.369307918877281
3284,0.6480759233868145
3285,0.0
3288,5.09980639819269
3289,1.0992542452467085
3292,-0.8065332493583561
3294,1.1286808237849293
3296,0.6658964282747011
3301,-0.7121074564370158
3309,0.0
3311,1.5952570899576948
3314,-1.034745074965958
3316,0.0
3317,-2.0007042636394523
3330,2.255251899896594
3333,0.0
3336,2.175767019336675
3339,0.0
3343,-0.7707225979841894
3345,-0.10369918928144806
3356,1.9144752194037018
3362,2.5930887395877775
3363,1.0104336878506697
3365,-0.33691760936864235
3376,0.0
3384,0.0
3387,0.0
3390,-2.126077500746886
3394,-3.9278235885245305
3395,0.0
3398,-2.3668933632779776
3402,0.36769258804337746
3404,0.0
3405,-1.437012304133292
3411,0.0
3416,0.0
3430,0.670280425257733
3431,-0.04421459329046584
3433,0.0
3443,-0.3332507964582092
3450,0.0
3456,-1.4128061693547185
3457,-0.07076170876388943
3460,-1.4365889034351778
3463,-2.3482700265981187
3473,2.355652215129485
3476,-2.0000623455000976
3482,1.7878974825047926
3486,-1.4100663974344414
3489,0.19995047787492481
3490,-0.1889948960115042
3491,0.6944147242583938
3503,2.258544266577495
3506,0.0
3507,-0.349365460862332
3512,0.0
3518,-0.004137507086120706
3524,0.0
3525,-3.5521321022112957
3526,-2.224350567991653
3528,-0.1344900464104981
3552,0.0
3556,0.2629864047019801
3558,-3.046941373113622
3563,-0.20755398603016673
3567,0.0
3571,0.6319759388119515
3582,0.030233184024524462
3595,0.0
3596,2.5783569019540042
3603,0.40308290619813114
3604,-0.5658089819901235
3611,5.271189732409324
3612,1.3495295424562528
3616,-0.3903949907694315
3617,-5.032277585976331
3619,-3.3722906844380933
3623,2.738587258008101
3639,0.8463932789466853
3641,2.67403886509479
3650,0.0
3653,7.9699040612146295
3654,5.386619797066043
3662,1.2602938888638366
3663,1.3515973091859372
3672,-0.14499649604395515
3673,7.813178303745714
3675,-2.5977547200502045
3679,0.0
3686,-1.0555272682006738
3692,-0.0282634713496126
3698,-0.7913416859913411
3701,2.4525914236271618
3705,-1.8619631157929284
3710,0.0
3722,2.0402793323778337
3723,0.0
3724,0.0
3732,2.791584295792841
3733,0.06045742236604035
3735,-1.3166683776360717
3738,0.7535601556286728
3742,0.0
3748,0.0
3749,-1.789350291269372
3753,0.0
3761,0.0
3775,0.0
3781,0.0
3782,-0.18823873514792133
3793,-0.5127686929088284
3808,0.842070886208079
3809,0.0
3816,-1.2963803641588836
3821,-0.0066806203925402485
3823,0.8028129477307324
3826,0.2976072795827136
3833,0.0
3837,-0.6733412166006616
3846,-4.715989515069493
3850,1.3296640011619214
3853,-1.8272637646028347
3856,0.581602535394719
3860,-0.6436177662790143
3861,0.0
3862,0.0
3867,0.0
3874,3.104126493030071
3878,0.0
3886,0.0
3888,0.8848520522992871
3894,2.8106116304310014
3904,0.0
3911,1.4204301877341017
3925,-2.196174861348158
3930,3.5112434066873934
3932,2.1932465412422175
3936,0.0
3938,0.0
3941,3.9105157855352086
3962,0.666090096883293
3964,-0.7678204821618717
3973,0.667101335361517
3977,1.6321281564833114
3979,3.015804318743296
3980,2.0138099276601817
3981,-0.06718577372094536
4018,1.2300892314592868
4030,-0.34769767946712804
4037,0.0
4042,1.940511911091484
4045,1.762581482056433
4049,-4.532930365157521
4058,0.0
4060,5.472138974650111
4066,-1.1138717100805167
4079,0.5829370813581463
4091,0.0
4096,1.5467083504314871
4097,-0.4719065360502128
4099,-0.6114161286260362
4101,1.6662539822910443
4102,0.0
4103,-2.090009440074464
4107,2.4006052193893
4113,-0.3072052318166456
4120,1.643951081603742
4121,2.4671281692001017
4124,0.9660799009443188
4129,-0.5353728763159165
4131,-1.8276183917248154
4138,0.019323948329560636
4139,3.1161532528422367
4140,-1.3849523759540148
4147,1.769826070631776
4149,0.0
4151,-0.3645417855001316
4153,-0.6766994843023753
4164,1.3474419052000002
4167,2.5119599562469794
4176,2.713561995306563
4183,0.6846167310885534
4188,3.926984427234988
4192,0.23375747289893845
4193,-2.561382733245855
4194,-0.9883009457188905
4198,0.44908300508970456
4203,2.005743033129054
4209,1.1450142589473096
4213,0.0
4216,0.0
4218,-1.596018002741717
4233,-1.527597097703394
4235,-0.29485752814324684
4236,0.0
4240,0.0
4241,0.0
4243,-3.46012816461543
4244,-2.299029577696462
4246,1.0507062727503893
4250,1.2872355325580394
4251,0.0
4254,1.276178315908215
4263,-0.022637102672149467
4266,-0.43420088171824744
4267,3.3721773258649286
4269,0.0
4271,0.0
4274,0.0
4280,-0.7911128057312702
4285,0.07002720607788859
4287,0.3861706597674086
4299,-1.7971008213625463
4302,0.0
4305,-1.8434913227221408
4312,0.0
4319,3.517586399298059
4321,-0.825720768330136
4323,0.5093790207157731
4334,-0.5031527354554175
4347,-3.3718850301494783
4357,0.9156098413206202
4361,1.3123581344259083
4363,-0.19995047787492481
4369,-1.033214505466427
4372,0.15986713934469066
4378,4.520281236373542
4385,1.6778454975326618
4390,0.0
4391,0.0
4398,-0.5452573889125354
4402,0.1531923422157604
4403,0.0
4408,0.0
4413,-0.6038035622216285
4416,1.3543543734454069
4420,0.8298452751362717
4425,3.4854819429196535
4428,-1.17568315769892
4429,-0.138037679356259
4439,0.0
4447,-2.172834304082439
4448,2.9312054306567816
4449,1.1108540753367429
4456,2.0272218692606625
4467,0.6914957839551015
4470,1.2842888144191775
4474,0.0
4481,-0.7288731933375381
4494,0.3297674575903038
4498,-1.3221503267029782
4499,-0.9709709043238615
4500,0.7793264160150635
4504,-0.7204624077180561
4506,-0.35806625284595484
4507,-0.5322779382757847
4508,-0.16783770497615613
4527,0.0
4529,1.897020559932212
4537,0.0
4540,3.605616536651695
4541,0.7792064675260377
4546,-3.191908374624065
4550,0.0
4553,-2.9637421541708964
4556,-0.49822385043165696
4558,0.0
4563,1.2629474698512695
4564,1.2381947592991072
4568,-1.641646836878916
4572,1.3400942832588
4581,0.0
4584,-3.4602260121751183
4589,-1.2872355325580394
4590,5.052889098329862
4596,0.0
4598,0.13112992873630347
4608,3.8335448759241864
4614,3.6157065271769344
4622,0.8069912972167224
4637,-0.5578340426036483
4649,-1.2920231664018846
4654,0.0
4659,0.0
4662,-0.8552043240315719
4665,2.5977547200502045
4679,0.0
4680,0.02782043743193796
4689,-1.2240678228246633
4709,1.1685107462851736
4723,1.476207751701141
4731,-0.1375941870161448
4756,1.6165181608241852
4765,0.0
4771,-1.052045128639982
4772,2.5245459400465418
4776,0.0
4780,0.0
4785,4.3991321704356
4790,0.26660063716657234
4805,0.0
4820,0.10103486272792495
4824,-1.9058738214488091
4827,0.0
4830,4.606561444748337
4842,0.19675585789628158
4849,0.0
4850,0.0
4852,0.0
4854,-0.9012184649286787
4860,1.1713485153377334
4868,-1.3981879529844008
4885,-3.488661129815547
4886,0.09521451327377406
4890,-0.7669253431769825
4899,1.4573040929972034
4901,-1.7684091251277572
4914,-2.56575704128983
4921,1.3906910781691
4925,0.5736252062026832
4930,0.17351665323415233
4933,0.0
4944,2.0707415951015715
4946,-4.110900510385861
4947,10.73117210258411
4951,0.0
4953,1.2442325907699416
4956,0.0
4958,-0.6244483851991944
4959,-0.270493218915
4960,0.0
4965,4.210843720908434
4968,-0.058845879268073276
4975,0.0
4976,2.12133944371271
4979,-0.9724117458987678
4996,0.40799336031151157
5003,0.1503467692110103
5007,0.38066200087932245
5017,-0.014190854761716665
5019,-1.9474012301161636
5024,0.0
5027,-2.970305389932541
5029,2.9176862212149146
5031,3.4977538119238556
5033,0.7458146998873865
5039,-1.6199713580118846
5042,-2.64432202991847
5043,-1.003617058466162
5045,-11.054447504013382
5049,1.884838566348746
5057,-3.200484903683771
5061,2.454257845249458
5067,-2.400283225508959
5073,0.0
5075,-1.9308532988370537
5079,-5.435755418252883
5082,0.0
5086,-1.9429162767665051
5088,-15.506358169448625
5090,0.3457828762951376
5098,-0.7123801534024139
5101,0.0
5105,0.5117348688156902
5113,1.0737638198567225
5119,1.1073159485625492
5125,-0.40034904111542957
5128,-1.1368303722390607
5133,0.63250100520046
5154,-2.2404902626056646
5155,0.20662417165935487
5162,-2.9974060548337587
5164,0.43600176491928444
5165,-2.186938839409544
5167,0.0
5168,-1.3391830793347186
5169,-2.5517799703915642
5175,5.4827834702789975
5181,-1.0194644791487661
5182,-1.6670536388845125
5195,3.545386902709099
5198,3.0749587701365435
5201,0.0
5207,2.5630424933635254
5216,-0.2896030442172588
5218,-0.12403459452066201
5227,0.0
5228,0.0
5230,3.7706878758315323
5232,0.0
5239,1.7286106954626295
5240,0.015276177472470565
5241,0.8935987893860879
5243,0.0
5263,0.0
5266,-1.2674275414900986
5280,0.0
5281,1.0253032232600354
5293,-6.259792638803438
5296,-3.524867526056866
5297,0.0
5310,0.9192472144650008
5311,0.7054962420876159
5312,5.490712316895623
5330,0.0
5338,2.307651239690486
5344,-3.664557097013203
5351,0.0
5362,-1.5100370182818459
5368,-0.017270366664389414
5372,0.42394047178177274
5384,0.046167481571529834
5386,-1.637497981088524
5388,-3.5058581059966905
5395,-1.0005152230816492
5400,0.0
5403,0.0
5405,-1.1909124659592027
5408,0.0
5421,2.6723961042894935
5427,-2.245603526026642
5435,0.0
5446,4.392502455935121
5449,-1.1078474461997452
5456,0.0
5460,0.0
5462,1.0058139165761446
5471,0.0
5474,-1.8545832105177187
5477,2.3198325973946083
5488,0.5765308514563579
5501,0.0
5509,0.19009608098964748
5511,-1.074863980499094
5514,-3.784864532362949
5515,0.901576221743067
5516,0.28426878515605836
5518,0.0
5522,2.9877564775954593
5523,-3.859226875840136
5537,1.148586123703998
5538,-0.9654266494185286
5541,0.0
5544,0.9267708214646966
5545,0.0
5551,-3.894020385625515
5565,-1.5961380572126416
5568,-0.42938483723477106
5579,-1.166553789969445
5581,-1.0873776426858939
5589,-0.9906672003648076
5591,1.111798333374157
5603,0.6886670885317727
5605,-0.32531079236682814
5612,-1.6027557693116012
5616,0.34770402514030607
5618,1.0506637498278018
5619,-2.1658492076022
5622,-0.5081877227372882
5630,-0.13330031858328084
5635,-0.8903088226962694
5638,-2.325658475355908
5644,2.491420343228647
5657,-0.4833159012890178
5658,0.0
5662,0.0
5664,-0.823231034524678
5670,-3.4963793010674156
5671,0.0
5672,0.0
5673,2.4491960447401073
5676,0.0
5692,1.3199565954648556
5693,0.5385776797685402
5694,-5.7955513260073435
5699,-0.79438178359257
5705,-1.821636914391906
5707,-0.036529158167571296
5708,4.812749535146924
5709,0.6319759388119515
5710,-2.133941774401073
5711,0.5640980702830305
5712,0.5151956190150226
5713,-1.333387302631646
5714,-3.858602369746821
5715,-2.654681882183727
5716,-0.2627904189605328
5717,1.2811724467052628
5721,0.0
5724,-1.3726725471156769
5733,1.479299529894746
5745,0.0
5746,1.2264076375940363
5754,0.0
5756,-1.6713986902550122
5760,0.5096260096994634
5776,0.22841084649959242
5777,-0.7875461708567997
5780,0.0
5783,0.5006398404398382
5784,3.9997110086418246
5785,1.9465821308253766
5786,0.0
5787,-0.445128877839867
5788,-4.712291503598822
5794,-0.27769489358853505
5795,-1.0225114088221172
5804,2.0155046404822716
5814,0.0
5818,1.5707472106027804
5819,0.0
5826,7.906160215629049
5829,0.34783965146553086
5840,0.0
5843,3.931557562476508
5846,0.975369463768434
5848,-0.7914591101614228
5850,0.7784989676018412
5852,-3.051016729032362
5859,0.0
5865,0.0
5866,-1.8830523605189047
5870,0.791369773846565
5881,1.5692589758284772
5889,2.1408291874010104
5893,3.244119920979905
5894,0.0
5897,3.763621945697615
5903,2.4550506681306263
5908,0.0
5917,1.1740808207665232
5928,0.0
5930,0.0
5932,0.0
5941,1.2894591309012995
5946,-1.886335200139012
5949,2.4718969753447535
5952,-2.0428556330625582
5959,0.4383187578016745
5971,-2.6625357751268073
5974,0.0
5978,-0.09460479597742477
5982,2.061686152076115
5990,1.0305549552040265
5992,0.28262055795365626
6006,-2.2851438440227128
6008,0.4117318145993458
6012,1.576450206684143
6019,-1.7664195809398429
6023,-5.6925629913127676
6024,0.0
6029,0.0
6031,0.0
6034,-0.009423830599654792
6044,0.0
6052,0.0
6053,-0.86705181323644
6054,-8.6477574840082
6055,0.0
6057,11.22177820351717
6070,0.0
6072,0.0
6096,0.0
6105,-0.07359527294221024
6110,0.0
6115,0.2967162058410473
6133,-0.36999577015919627
6136,2.1979593935244175
6140,-0.18729341784797882
6149,-4.780040933453915
6150,0.8192974485583697
6156,1.4678082911960288
6159,-0.05212587877581676
6161,-0.8954088728262573
6163,0.5880209479433915
6168,-3.1475655105397333
6169,0.0
6177,0.0
6179,0.20744470381224467
6182,0.3439097154105255
6184,0.03832418211836597
6185,0.0
6188,0.0
6193,1.1609747727208362
6202,-1.4521756606271499
6203,1.0076305327858677
6208,-2.9428963508829113
6213,-2.6404432329156435
6216,0.0
6222,0.0
6223,-1.6820836878353642
6226,0.0
6227,-2.1969422871940196
6229,-4.798528681611986
6233,-0.11693783157766546
6242,0.0
6244,4.769898104314585
6248,1.196964475664652
6267,0.0
6276,-0.46655111504149716
6279,0.0
6291,0.0
6296,-0.3435553213834055
6302,-0.8253814891930542
6310,0.20289742795927168
6316,-4.1906106993073
6319,-0.126314480990791
6334,0.07624133848993964
6340,-1.8773743939075693
6346,0.0
6349,0.0
6353,0.0
6355,0.35259071435835665
6356,-1.5848776097389248
6360,-0.49325111192366755
6361,-0.5441756586548188
6368,0.01357616183145538
6369,-3.174246128020421
6376,1.5923873243098932
6377,0.0
6379,0.5248465038532721
6384,-1.5861134239950037
6388,0.0
6389,-2.4332558320611444
6391,-2.224823767724301
6393,0.9307132577245198
6403,5.049671681671663
6406,0.7953653929671471
6407,-2.1756677534442925
6408,0.0
6413,0.15276280321846514
6414,-4.157744254551899
6419,0.23407474741703282
6420,0.809666072795709
6423,-0.47379944451393463
6431,2.7266346135069632
6434,0.0
6441,-0.5208869432076888
6442,1.0345144100602344
6444,0.0
6451,0.23148972050335104
6454,0.0
6471,0.0
6474,0.04246614856090147
6480,-0.363692712273485
6489,2.6006385109460854
6493,1.2620075178137888
6500,-1.2297814236937832
6502,-2.7117275230176805
6510,0.02140496876314124
6511,0.389318880843625
6513,0.0
6523,0.0
6527,2.9791312618765957
6530,-1.6413740013046656
6531,0.0
6539,3.7089091806702896
6542,0.0
6543,0.6480516898583772
6549,-0.5006642668596015
6552,0.0
6564,2.6666945149089685
6565,0.0
6585,0.0
6587,0.41375427832222655
6592,0.0
6595,2.2456483650349117
6604,-0.8147665283885104
6608,1.9308532988370537
6609,0.0
6620,0.0
6623,0.6712387935223987
6624,-1.0529636425894822
6636,-3.648439633351172
6640,0.0
6649,-0.6319759388119515
6651,3.052271924828375
6664,2.419199837749998
6666,0.0
6668,3.9429994757952063
6678,0.0
6685,1.0952762754539371
6693,0.0
6695,-1.4286460865673973
6700,3.295214240500499
6709,2.000704263639454
6714,4.070295790635738
6715,0.154128754284514
6719,1.0437504857621693
6721,0.0
6730,1.9556595049259435
6737,0.0
6742,0.0
6745,2.692491338370461
6746,-0.19995047787492304
6756,0.0
6757,-1.276845697502523
6768,-0.8293159099517204
6777,0.6882664224328927
6786,-1.0682367170984932
6789,1.252396974310134
6790,3.9140872121687647
6795,2.339984301752544
6796,0.5995544615047201
6799,2.285847767857849
6803,0.0
6808,0.0
6809,0.0
6810,0.0
6819,2.1379088216812363
6820,0.0
6826,-2.836924505806408
6830,-1.586510565645785
6834,1.839054422492696
6836,0.0
6845,0.921189054082376
6848,2.4681050142906624
6853,0.0
6854,0.0
6855,2.203607300780712
6870,-0.4170532264957174
6875,0.0
6885,0.0
6888,0.8063941376705657
6892,-0.35487275560305065
6893,0.13231306577775825
6895,0.0
6901,1.456895491501811
6902,0.06259236234851429
6903,3.5115924152985176
6906,-3.079375201398971
6909,0.0
6910,0.9654266494185251
6913,2.9200667646663305
6917,-0.8002817054557809
6920,0.0
6921,0.0
6926,0.0
6927,0.0
6928,-3.604251491793528
6930,0.0
6937,2.5977547200502045
6939,0.0
6942,2.4097561385377766
6944,2.107398483025559
6949,0.0
6951,5.6682415836856475
6952,0.0
6957,1.545198682768591
6959,0.0
6967,-2.702322985837073
6969,0.0
6972,3.5951599017855838
6978,0.8919769234875279
6986,-0.24673005026288308
6988,0.0
6990,0.0
6992,2.0599921855438783
6995,-0.0949490246346123
6998,-2.6879935217277726
6999,3.16278867147107
7003,0.0
7005,0.0
7016,-1.1874817488790086
7020,-1.2394701090644613
7022,-0.8856113573398829
7023,-5.063402707999632
7026,1.8870463392534411
7031,-3.187658900661029
7032,2.8754079634333696
7035,1.4702063522484217
7051,0.0
7053,-2.318637861926149
7056,1.1822254309502647
7062,1.8513836742046372
7065,0.0
7070,1.6934751590713013
7083,-3.3662749705700126
7088,1.154360024102214
7089,0.0
7090,-0.2883673724884517
7094,-1.3340580159332553
7095,0.6791468814358375
7100,0.0
7104,-0.8151582700525584
7107,-3.1986410188834267
7108,0.0
7115,0.486995468055305
7119,0.0
7125,0.0
7133,0.0
7140,1.3843933949280025
7144,-4.400923527295069
7154,-3.4449041660147373
7183,0.38803546755552887
7184,-0.15200720818993219
7186,0.0
7190,0.0
7191,0.0
7202,0.0
7206,0.0
7217,0.0
7221,-0.8765547633994419
7223,3.995537837248593
7229,1.0256238475237058
7230,3.251856871748103
7239,-2.782764664887596
7243,1.4297578234504993
7245,-3.2435227151223742
7249,-3.079854988186092
7254,-2.536172068223859
7259,5.001232609494197
7260,0.354628585491767
7261,0.0
7266,0.046167481571529834
7268,-1.0005520459680959
7278,-1.236159887981529
7279,-2.000704263639454
7280,0.0
7281,-1.5038561176202379
7290,0.7969607242442436
7292,0.0
7299,2.201888289610192
7303,0.0
7305,1.8032600575811877
7310,0.9633777933703875
7313,0.0
7317,4.276250272253419
7318,-4.0428256613401885
7331,2.364100838106049
7337,0.7205375806401086
7343,0.0
7348,3.7125612741240754
7351,-2.9809157937579815
7362,0.2541646967185187
7369,0.0
7371,-0.33346888462006596
7374,-1.4716051164271367
7375,0.0
7377,-1.424863143433937
7380,-0.6141138914872784
7385,0.0
7386,0.09006944795513583
7395,0.0
7398,0.6053271386196997
7400,-2.3922839708412535
7401,3.6873412407585686
7402,0.0
7403,1.044044133102192
7404,0.9036994461356969
7410,4.616593867093032
7413,0.0
7415,-0.8908964709479967
7416,-0.6203341113448886
7417,4.408788486153966
7429,0.0
7433,-1.1704208618146517
7434,0.0
7442,-0.7361517597435387
7444,0.12101875022113617
7454,0.0
7466,3.458373267062493
7468,3.931557562476508
7475,0.0
7476,0.2386728288014055
7481,-3.093981648479705
7498,0.19995047787492304
7500,2.0007042636394523
7503,1.9547094772766265
7510,-0.1094268518220396
7514,0.5901220964660361
7526,0.0
7538,1.3105191874921651
7550,1.4867686662009447
7557,0.0
7559,0.7185944180334047
7561,0.0
7563,-1.6477469522242778
7564,-0.12690933574529595
7566,-0.12887340785585266
7567,1.6333464318069684
7568,0.0
7569,-0.6513520311480789
7577,5.931062341225758
7579,-0.16108625945653543
7592,1.7551503256755652
7610,-1.0851843623118036
7616,2.1776024362820294
7628,0.3673576339783686
7634,3.600068189660817
7637,-0.8579396627268494
7638,0.8641646111495795
7639,0.0
7658,-1.7702831618134294
7659,0.0
7660,-0.45553482719862615
7663,0.0
7668,0.0
7671,0.0
7705,0.0
7714,1.0981074980202017
7716,0.24292649857914483
7721,0.5260001341783465
7723,3.546919514321388
7728,-0.20385969083841005
7733,0.0
7734,-3.90038986597348
7739,0.0
7742,0.0
7752,-0.6847253061585228
7756,0.88076538976709
7757,-0.4176518735460544
7758,3.0304341564259847
7759,0.0
7761,3.2879397961974917
7766,2.198010927672504
7767,-0.06753178045112662
7773,0.6319759388119515
7776,0.0
7786,0.0
7791,1.0669623082816972
7792,2.381101639072556
7812,0.0
7817,0.0
7819,0.0
7826,-2.1550997756953176
7835,0.0
7838,7.456365225104073
7846,0.333250796458211
7850,-1.701876838316089
7851,1.789843496262403
7855,0.0
7858,-3.1064063618021827
7872,0.0
7876,-1.3001069891258048
7888,-1.996954608053219
7893,-9.912064525673488
7898,2.7543386935676217
7903,0.0
7906,0.0
7909,0.1335202241464888
7915,-0.8535576149454975
7916,-0.20092341839501238
7920,0.6255056086291084
7921,0.28357637467794916
7931,0.8956409366324554
7935,2.936842078603558
7938,2.9691152825425977
7952,0.0
7957,0.0
7961,2.293208663962929
7962,2.6024140084035263
7966,0.0
7968,-0.6163244176919527
7970,0.0
7974,0.0
7977,0.0
7979,4.687008864425749
7983,1.4168630816621821
7988,2.387965873367232
8000,1.7965169358074426
8003,0.0
8005,-0.33424932224509796
8018,2.65367819327815
8023,0.11246144637492428
8024,-1.043736960232458
8026,0.0
8029,2.942991098960409
8033,0.0
8039,0.0
8043,-1.2837654310878523
8049,0.0
8053,-0.9951721811618572
8058,0.3570593250795824
8060,0.3843282741547842
8063,-0.05180608947578591
8064,0.0
8070,-2.0621086052610593
8075,0.0
8076,2.9190390648007867
8077,0.0
8084,0.0
8104,-1.200062712716612
8110,-3.7815035770257257
8112,2.342940927812805
8117,2.4090957241754367
8120,-0.32380356158068224
8129,0.0
8132,0.0
8133,-0.5635140053004104
8134,2.9263090445200852
8139,0.0
8140,3.31627175841874
8155,0.0
8160,-0.9143593810237984
8161,0.0
8164,2.2909222446240793
8165,2.4385314729079237
8175,0.0
8178,1.4435547275749574
8183,-0.1709158744332111
8191,0.0
8206,0.0
8209,-1.8084822041940587
8214,4.90624941188061
8216,-1.6251957471045877
8217,-0.35957502326112767
8218,0.0
8222,-12.188840731562864
8226,0.0
8230,1.3471039158788827
8242,1.332625665501359
8243,1.1266676122883972
8245,0.0
8248,-0.8500587075398425
8257,0.0
8262,1.470103780724564
8269,0.0
8273,-3.5867242024030777
8274,-2.1609335990656398
8282,0.0
8296,0.0
8300,-1.554008416695961
8309,15.57263403183827
8310,-2.947009319416736
8312,1.03224249854566
8319,-0.4076360823706793
8330,0.4561215992231915
8332,3.0641496271405195
8337,0.04291714893513188
8340,-0.3521620417676701
8341,-0.2274735335972906
8347,0.0
8350,-0.5117247993910912
8356,-0.6482988703304216
8362,1.1506951511188568
8363,0.3279448863765353
8366,0.7258031900137851
8374,-1.0561182806139815
8395,-0.3593994313647322
8396,-0.5037249151442147
8407,1.2664119900213766
8412,-0.5362482378488416
8413,0.0
8421,-1.6946182725308798
8422,3.1999220930017707
8432,-1.5149599407384944
8436,0.13056257706919538
8437,0.192496649646424
8441,-0.9238608638450483
8449,3.512466474015257
8453,0.0
8459,0.0
8466,-0.5359372051195415
8472,-4.678252179013963
8477,0.0
8487,-0.6372740517519819
8493,1.9173644663394391
8502,2.969739720669523
8507,0.0
8510,0.0
8513,-0.3294161732950265
8521,0.0
8523,2.8735022720038064
8529,0.0
8532,1.4440867846522387
8536,0.0
8537,-0.24533908908689384
8555,0.0
8558,-0.06583336380273508
8565,-0.12199401365434426
8580,0.965779106102163
8585,2.3769546919936815
8587,0.4008427082882875
8594,1.014543384614182
8597,-0.46143751443862335
8600,2.072016787954384
8606,0.0
8608,-0.9140147779450487
8611,1.0637416210064998
8625,0.0
8657,0.7589151594838608
8665,2.0020735589613228
8671,-1.535635253078361
8674,1.798634538183597
8684,0.0
8686,-0.584576621168555
8688,0.0
8690,0.0
8692,-15.324068059777456
8699,-1.8774821213232151
8703,-2.2099795813677563
8708,12.874014220184279
8714,2.0007042636394523
8716,-0.76078557229728
8719,-1.8428849600944268
8738,0.5244907680772251
8748,0.0
8751,-3.273984289135189
8752,0.0
8761,0.0
8764,-0.41687685619109693
8771,0.0
8778,0.0
8796,-1.4022364956367799
8811,-0.588094072725184
8812,0.9167765487888779
8813,-0.5888185343716597
8815,-2.0536243978534543
8819,-5.785324555606891
8829,-0.5343348475528416
8835,1.7736974316225265
8837,0.01491696416631072
8838,0.0
8860,-2.5626992039344074
8864,-4.811903024887529
8869,3.5878633446196133
8872,0.0
8881,0.0
8882,-0.7587278939404847
8890,-0.5577877847393875
8895,0.0
8909,-0.2476190012437165
8915,-0.6173269212779964
8920,-5.339354142848812
8931,0.0
8935,-9.19757542978195
8936,0.0
8942,0.0
8948,0.0
8954,0.0
8970,0.8451693553962851
9001,-3.2268852476599257
9006,-1.5952487182640898
9008,0.0
9012,0.0
9016,-0.6099549212176036
9018,0.0
9024,0.0
9026,-1.8921933202046244
9029,0.10528317589282032
9031,-2.9316679267277728
9032,-0.5486800872784201
9038,0.0
9043,-0.993058569468726
9044,3.9480193314383207
9047,2.010041582473473
9050,0.0
9052,-2.2075156197791443
9053,0.24557853844905253
9054,0.0
9058,0.0
9060,-1.3308880328825499
9066,2.0569721907935676
9067,-1.4234337680571088
9089,-1.1930726983056346
9093,0.0
9100,0.0
9118,0.0
9120,-18.401865911174482
9122,1.1643202096489524
9124,0.0
9125,-2.9379014923491837
9128,0.8197116719940816
9129,-2.2400132378894284
9130,3.931557562476506
9132,0.014802209874499539
9133,-1.7758792122120752
9137,0.0
9139,0.0
9142,0.0
9145,-0.5799633346649848
9146,0.0
9147,2.2618920603137305
9152,0.0
9153,-1.4048327453558116
9161,0.6848411733509039
9164,1.3062707484194682
9168,-0.29872514235374226
9169,0.8752050467706098
9179,0.36836603969369364
9180,0.0
9184,-1.7131831875297667
9191,1.205621941860045
9192,1.9891108800811637
9193,-1.1687013159578417
9198,-3.9166084087989006
9202,0.0
9204,1.6462182979328155
9205,-0.0890662254620338
9214,0.0
9238,1.9118600326816502
9240,2.468825715447748
9243,0.07617097086932745
9245,0.11396466784893278
9246,-0.6810132775255511
9261,0.0
9287,-1.6069584105755865
9290,1.5061579764732045
9291,0.0
9294,0.4334805509068431
9300,0.0
9301,-1.032557031215232
9302,0.36018220815056345
9307,-0.5570716625224215
9317,0.0
9318,6.5977216725962915
9321,0.0
9326,0.0
9331,0.0
9339,0.0
9341,0.0
9343,7.730811662769478
9344,0.4705190694838546
9353,1.7684070615075385
9355,0.5142466728539592
9368,0.0
9373,0.8939795407947067
9375,1.7241860651327343
9379,0.3884544815429791
9396,0.0
9397,-1.3387765387435469
9399,2.8022089148833427
9419,2.1546975434683002
9421,1.2033937090512978
9426,0.0
9427,-0.1642766978844783
9433,0.0
9436,1.5390004682007188
9441,-0.374916783021888
9444,1.0771868191686664
9445,-0.5065077740271953
9473,0.0
9477,0.0
9479,-0.6469440026981843
9488,-0.25906245208568635
9489,-0.5811750458417677
9494,1.2916979790244039
9500,-1.8914199346302443
9502,0.0
9506,2.102277611811129
9525,0.0
9528,-1.8150202838375638
9529,0.8732625123601192
9532,0.0
9535,0.0
9536,-2.3502210730879973
9542,1.1030081480909253
9543,1.1131346907792583
9548,-1.2839340163042205
9560,3.931557562476506
9565,-0.23106482863068578
9569,0.0
9571,0.0
9574,0.0
9582,-2.0311859905286145
9585,0.0
9592,0.8718968990723805
9593,-3.3931654622536414
9600,1.8950537831780832
9609,0.0
9613,0.0
9615,2.965531170612879
9620,-0.13330031858328262
9623,-1.5607068991049893
9628,-0.255066255331025
9633,-0.43220343338764167
9634,-2.97268306656213
9642,0.0
9643,0.04078842509279923
9644,0.0
9648,0.0
9656,-0.9114785056637942
9660,-1.174993985456977
9661,0.0
9666,0.0
9667,4.740907358032825
9670,0.0
9687,0.0
9690,0.0014165096046134806
9692,0.0
9694,0.0
9699,-0.750179125429403
9700,-2.5022901297308806
9707,-0.41042654055755534
9709,0.0
9710,3.7104409280998283
9719,-0.6138325254143062
9721,0.44591023912211725
9732,0.0
9735,-0.3334507106065736
9736,0.0
9738,0.0
9740,0.0
9748,-1.8981982353711366
9749,0.0
9754,0.0
9756,0.33507783214542286
9759,0.8451969978461484
9765,0.0
9769,-0.9418935405394944
9771,1.227468537629898
9780,0.0
9794,-2.450730400398358
9799,0.0
9815,-6.310852747067205
9820,0.0
9825,-1.5729828704576612
9829,0.0
9834,2.831632552837
9837,0.4335243607414263
9847,-2.415031701742258
9849,0.0
9855,7.015632903676176
9869,0.3711078171500297
9873,0.0
9874,1.6666538105877766
9879,0.0
9885,0.0
9887,0.0
9890,-1.5337533203012246
9898,0.0
9900,-1.2587907568820924
9902,2.8489598483072225
9912,0.0
9917,0.0
9934,0.0
9938,0.0
9957,0.0
9964,0.0
9965,0.9370054094600953
9966,0.0
9977,-0.010103012550539248
9979,1.6990981784123385
9986,-3.3770688761127037
9988,0.0
9992,10.082242268763826
9996,1.2841679704854734
10002,0.0
10004,0.0
10011,0.9150350657511055
10015,1.3759121602001372
10018,0.0
10019,0.4067751084821829
10026,0.0
10030,-0.13330031858328795
10032,-1.5527163800055455
10033,0.0
10043,-1.160521593840393
10051,0.0
10055,2.4176313331802906
10056,0.0
10059,0.72477008473955
10060,0.8925097156956969
10073,3.455526501608425
10077,0.0
10085,-8.241117973288137
10091,0.8020416343855352
10092,0.0
10106,-0.2252646591521419
10118,0.0
10121,0.0
10122,-1.288300099337139
10125,2.7193876114370905
10129,5.931062341225758
10131,0.0
10142,3.1441038286865517
10146,0.8906233000781949
10158,0.0
10162,-1.529184930929345
10167,0.0
10168,0.0
10171,0.0
10173,1.8769842224454063
10174,0.0
10181,0.5171169219219767
10184,0.0
10185,-3.8668282760380386
10187,0.0
10188,-1.0254219091523211
10194,2.478424012252635
10196,2.6668060282591366
10201,2.0276511030764173
10202,0.14086933188030493
10215,0.0
10218,0.0
10219,0.0
10221,4.83662728415473
10222,0.5976994491734384
10225,0.4174945246353179
10227,0.0
10237,0.0
10238,0.0
10244,0.0
10256,0.4987307316376466
10262,0.0
10265,0.0
10273,0.0
10277,-0.09606873737769561
10284,0.0
10290,0.0
10291,-1.0399517163068737
10293,0.9570868293458936
10302,-1.2693039233635925
10303,0.0
10305,-1.0213780562673769
10306,0.0
10311,0.0
10315,2.8450045917286158
10316,0.0
10326,2.3772854723267436
10332,4.702943509183777
10334,-0.24321897900725276
10345,0.367812993246563
10367,0.0
10370,1.1520271617196105
10374,0.295430974987422
10379,0.8334099624756099
10386,9.397312141829701
10387,0.0
10388,0.0
10392,1.6321281564833114
10402,0.0
10410,0.0
10416,-0.011641827467066435
10418,-0.22064064529348215
10423,0.0
10426,-0.5183780476325737
10427,0.0
10437,0.0
10443,0.0
10454,0.6930653750659168
10458,-2.4105810923377824
10461,0.9648060589548688
10462,-1.0212038640616115
10464,0.0783406166272016
10465,3.3523015728253895
10470,0.0
10478,-8.793972613962444
10480,-1.4710983608549704
10486,-0.14976643674879853
10487,-0.070343573709156
10499,-3.4649387974283314
10503,0.0
10511,0.47985534861208734
10522,-5.138584256588654
10524,-0.06712396614841509
10541,-3.3523015728253895
10545,1.4412821107864957
10547,0.0
10552,-0.42954945643771225
10558,1.05838469321046
10575,-0.9351730374535361
10576,0.0
10581,0.0
10583,-0.7332466521739054
10585,0.0
10598,4.14350880195402
10599,1.0887713466120328
10601,0.0
10608,3.4803215564051992
10615,0.0
10618,0.0
10623,-5.21542434409122
10628,0.0
10629,-0.397629028191238
10632,0.0
10641,0.5541971550123499
10645,0.0
10650,0.0
10652,-1.224070289258858
10655,0.0
10661,0.0
10664,0.0
10666,0.2785300620847053
10669,0.0
10673,0.0
10674,-1.2311416702409694
10675,0.0
10677,-0.01744091230653666
10678,0.0
10679,-0.4676180138250281
10684,0.0
10689,1.6827669611927085
10693,2.746600864002991
10698,0.0
10700,-2.2922885769114103
10702,1.0449503341932225
10706,-0.4432148882454925
10710,1.0493121208679526
10718,0.697761221968662
10720,2.358097739959536
10721,1.9859828320540256
10723,0.10242516272774083
10724,-0.06924555688395273
10725,0.052475921497727285
10733,0.0
10739,0.31488185344852937
10750,-2.87842851008865
10754,0.0
10760,0.5139989796928788
10766,-0.43872654056362137
10772,0.41523949815624306
10776,1.0824888083593205
10778,2.517058217921166
10780,14.031451467221759
10784,0.0
10789,0.0
10801,0.0
10802,-1.834064219716094
10827,-0.5803315764358743
10839,0.04843483879178301
10846,-0.9267470331519565
10854,0.0
10860,0.0
10869,-0.6829948062906865
10871,0.43786088100043585
10872,0.0
10874,-3.052655994474936
10875,0.0
10876,0.0
10880,0.0
10888,2.759326961322733
10891,1.2742604559503583
10893,0.0
10899,4.624652116155298
10901,0.0
10905,-3.6337608270040995
10910,2.2160054244381264
10921,0.0
10923,-0.5601476448245073
10926,0.0
10932,-0.9631646257200153
10940,4.771753330938296
10943,-1.3366179785186958
10950,-1.7786858056026738
10951,0.0
10952,-1.5778934804830786
10960,0.0
10962,-0.4932249490254961
10970,-1.7682300963803144
10976,2.7198991487163315
10977,0.0
10982,1.584428277981747
10984,0.0
10990,1.027816020741147
10996,0.0
11000,0.0
11002,0.0
11026,0.0
11033,0.0
11036,1.1399883957214296
11046,0.8506708502002773
11060,1.1454059603591027
11083,0.0
11084,2.3097989717035965
11085,2.599802235561855
11102,-2.2211852868064703
11106,0.0
11112,0.7941160649147179
11115,3.8676089925426513
11116,2.932486902734979
11121,2.629239410802633
11129,0.9725316943877864
11131,-0.5117927415736965
11138,-2.5335057096758504
11140,0.0
11145,0.0
11150,0.0
11155,2.533937085663407
11167,0.0
11173,2.4006052193893
11177,-4.090030330847844
11178,0.0
11182,1.692007500935608
11190,-0.06494148159924862
11196,0.0
11202,-0.6669383394633055
11205,1.3570249913787773
11211,0.0
11225,-1.2350749142419772
11226,0.0
11235,2.52320236552279
11243,0.0
11249,0.0
11252,0.0
11254,2.6888907864728893
11255,3.8084207482138517
11263,-0.025704994152196292
11267,0.0
11275,0.0
11284,2.2287268161279865
11289,0.0
11290,-1.110790308906573
11292,0.0
11295,-0.5510905818584426
11296,-0.6764938888133667
11299,0.0
11302,-1.3334030141295692
11304,0.0
11312,-0.8437345605798825
11314,0.0
11323,-3.325803148318535
11326,-4.713936115742879
11334,2.690620672574429
11338,-7.349168609017601
11340,-0.49173422006947654
11356,0.719548881712754
11358,2.4993798838681176
11361,-2.0891307599993176
11366,-1.544682639069645
11368,0.0
11370,-4.069741175231833
11373,0.0
11377,2.8455016248960554
11385,1.29314807784597
11390,2.915367459200654
11392,1.361343066029784
11402,7.236406822960484
11406,-1.9474299854824437
11410,0.0
11413,-0.2626379279076154
11416,0.0
11425,1.211174168380472
11426,1.4891415289451153
11434,0.20841024643658201
11437,2.433121986008352
11438,0.0
11439,0.0
11445,0.0
11448,1.862538280160285
11456,0.5614964452523061
11457,0.0
11462,0.0
11463,0.0
11464,0.7223765825733999
11467,1.4280931826042398
11469,2.4659845887244582
11470,0.0
11473,-1.3947916301845478
11475,3.523534546011554
11487,-2.3790238773975876
11489,0.605085033012891
11490,-0.9304824135301217
11493,-1.833026743436049
11503,0.0
11507,0.0
11508,-0.9295038948134966
11511,0.6875544709973944
11521,0.6475781695236407
11527,0.0
11529,2.4757763662966017
11532,0.7303412584524906
11533,0.0
11538,0.0
11546,0.0
11552,0.0
11562,0.0
11563,2.747218501412979
11572,0.0
11578,1.0908263443713686
11585,0.0
11589,0.0
11603,-4.421746525623936
11604,5.2357939303909
11614,0.057111384273689225
11615,5.24079352443534
11619,0.0
11620,-0.20029318784355254
11627,-0.03643007786492625
11632,1.7747848955398133
11635,0.0
11637,2.184278001696967
11638,-2.7899745240617015
11641,0.31106801091596026
11642,-0.20508690946914854
11644,-0.4436033827394681
11649,-0.028930268324193875
11652,0.0
11653,0.0
11657,-0.9195513438172505
11674,0.0
11676,1.7930325980530633
11679,1.965778781238253
11680,-1.2953582678427136
11681,-0.8138822677951083
11689,1.6708697573509
11695,-0.1720709294614906
11696,0.0
11697,0.0
11708,-0.7304728981620947
11714,0.0
11723,-0.22712730931554148
11725,0.7266637800468452
11726,0.0
11728,-1.3199962321626195
11732,-2.627406636707132
11740,0.14243420132917706
11745,-1.9028366109543242
11763,-2.0007042636394523
11764,2.2758887185825927
11776,0.0
11781,-7.191615827574877
11783,3.622623759636932
11785,-3.1548250973629184
11792,-0.6818912573242439
11812,0.0
11813,0.0
11819,-0.8088710158810919
11826,0.0
11830,0.0
11833,-2.1179001501846457
11835,-3.8135861222769414
11838,-2.193203850593644
11848,-0.4438398441203333
11862,-0.4400614691111322
11865,-3.7329448438261803
11873,-9.885305843961467
11878,1.159503396840881
11881,1.631005952572501
11883,5.931062341225758
11886,-0.5819374505985024
11889,0.0
11897,0.24401303381465667
11901,1.6473622302910922
11905,0.0
11909,4.566107121698169
11910,-0.9262884695873908
11914,1.7074666736410862
11915,0.0
11917,1.3138571729156148
11924,0.0
11927,0.0
11933,-0.8095639972764062
11938,0.514230580280854
11949,0.0
11962,-1.9515686912997303
11963,0.0
11967,0.0
11968,0.0
11986,0.0
11989,0.0
11992,-3.428671033268971
12004,0.0
12021,0.45747638945590907
12026,0.0
12028,0.9460758489505121
12048,0.0
12055,0.0
12058,0.0
12064,3.2769485320162204
12065,-2.5930296046269294
12067,-0.10103486272792495
12076,0.0
12078,0.0
12084,1.6873763852859263
12086,0.0
12088,1.6661435998230054
12091,-0.029916749569865786
12102,0.0
12104,0.0
12105,-0.13803701522945389
12109,0.0
12111,-0.09448654965355097
12113,2.4719947148862556
12122,1.8946894354937278
12125,0.042907851085271176
12129,0.7241957901838649
12135,0.6710054933981233
12138,-0.36491146899102844
12140,1.0345910083903824
12144,-3.352812816858455
12149,0.0
12150,0.0
12156,0.0
12162,2.8325564812329347
12167,-0.18578814574699365
12168,0.0
12173,-2.3681680338002096
12176,0.3218088831395072
12184,0.26210383749842947
12189,1.1729503587173546
12193,2.9522806685865213
12194,-2.7657670645765293
12198,0.0
12199,1.7859147050744415
12201,0.0
12202,0.0
12205,0.3084014804510673
12223,-1.3352228630931364
12230,-0.5883807256963358
12232,0.0
12235,0.21443986362350032
12236,-0.9627527774750497
12241,0.42441407169060064
12248,0.1292335783987415
12261,0.0
12264,-0.9101320973245528
12265,0.43507060061035396
12278,3.460352482937168
12291,0.7206250735858539
12292,-0.13330031858328262
12299,1.97190346242399
12316,-3.4174241784780914
12324,0.0
12325,0.0
12332,2.425584696777543
12333,0.0
12337,-3.954441389113912
12339,0.0
12340,0.0
12345,-2.045631960631548
12350,5.126678867874935
12351,0.0
12354,0.0
12361,-0.6133642805384518
12362,0.0
12368,-4.110110923163317
12371,-0.36916600481037243
12388,1.1117511278532923
12389,0.0
12390,0.2874035539752704
12400,0.0
12409,-0.3866077577334437
12413,0.0
12417,-1.6707684365007296
12420,0.0
12429,-15.596455163675852
12430,-0.5010039857220825
12431,0.0
12435,-0.3517588735240835
12446,-1.1351032092588689
12447,0.13330031858328795
12454,0.0
12456,0.0
12464,0.0
12467,-0.9969401400641793
12470,0.0
12479,0.0
12483,0.13338028424263015
12503,2.021910959265993
12516,-2.013186179387585
12520,1.0478165926363516
12521,-1.2131734748496932
12526,-2.196955893778444
12532,-0.5546090428008981
12542,0.0
12559,0.7755727556178602
12560,0.0
12562,1.566973179348139
12580,-8.396998128919241
12582,-2.108705505704757
12583,-0.7197711144614054
12585,0.0
12596,0.0
12602,2.3764931136590413
12609,0.0
12614,1.0201768368604593
12617,-1.2353957246199059
12619,4.77203636016816
12624,-0.8500586122045561
12628,2.7886096861964607
12629,0.0
12634,1.3436072260763599
12635,0.0
12636,0.0
12645,1.1867801365189585
12647,0.0
12653,0.0
12657,0.0
12666,0.14290744740281625
12688,0.6630849076687859
12690,0.0
12706,0.0
12709,-4.598059155392926
12720,-4.614072722523373
12726,0.0
12732,0.9473656678788593
12733,0.7960407405107226
12737,-0.972291797409742
12739,0.8191685039740264
12750,0.0
12751,0.45633493398780445
12756,0.30767481855952283
12761,0.0
12770,0.0
12778,1.9955622707902894
12782,0.0
12788,-1.7486531030375794
12790,0.6208098011664092
12794,0.1362621998566631
12801,0.4045743170850855
12805,0.418556321922086
12806,0.0
12808,-0.05808672357404099
12809,0.0
12817,1.674859390003789
12825,0.0
12829,0.0
12835,0.0
12838,0.0
12848,-1.6241240709224147
12854,-2.3426350282939588
12855,0.0
12859,-0.21731183273677956
12861,0.0
12863,0.0
12872,-2.2388625235128643
12874,0.0
12876,0.8766750761877748
12878,0.0607890912858835
12880,0.0
12881,2.992409103749912
12884,-0.45098642789254484
12886,-1.4065482584458557
12900,1.2872355325580394
12901,0.0
12928,-1.9474262889434506
12933,0.0
12934,2.876737877797124
12940,-2.350920251831642
12941,-0.44137896889868955
12946,0.0
12953,0.38949967069492786
12959,2.4006052193893
12962,-2.8613290015082633
12972,-0.644623078052577
12986,1.9772454298229185
12987,-0.12826955440330323
12990,0.0
12991,1.4657267014200919
12997,0.0
13000,0.0
13003,0.0
13004,0.0
13008,1.504025046731158
13010,1.14566679976185
13014,4.037032494137106
13032,-3.9389942078889533
13040,-4.115898103797534
13042,0.0
13043,-0.884610290469821
13044,1.1923718528247509
13052,-1.70257802194992
13091,0.0
13093,-0.4009596342326365
13094,2.2915846755012836
13117,1.3942520303293193
13128,0.0
13129,2.0360169990862254
13143,2.3164029702289923
13144,0.0
13147,0.0
13159,0.7372991250379322
13167,1.823784071195643
13174,1.6327051828479693
13176,0.0
13184,1.8998555318055281
13187,0.0
13194,1.9508107173520202
13207,0.0
13208,-2.020707147403485
13215,1.0532624699141824
13216,1.0005745795539234
13218,0.0
13222,0.0
13224,0.0
13226,-0.029567033392675413
13229,0.0
13231,0.9997643118082387
13233,0.0
13236,-1.4840811073278122
13254,-1.6942676505532397
13255,1.5153443947731358
13268,-1.102534482340058
13272,3.7032542604299135
13274,0.1883451840888668
13276,2.1939255532740205
13282,0.0
13283,0.0
13294,0.0
13303,6.035057642670624
13319,0.29631857970212927
13328,-2.3635872777204234
13330,0.0
13337,-1.9094769448752729
13347,0.0
13348,1.8914645623784772
13356,0.0
13357,-2.364263384572201
13367,0.0
13373,0.0
13379,0.0
13383,-1.9539791663428066
13393,0.0
13396,0.0
13398,-2.5580417024885875
13399,20.796216918463337
13401,-0.5998514336247744
13404,1.0662243514808516
13406,-0.32482111798654856
13409,-3.4208402864840366
13410,1.0213078579923582
13413,0.0
13423,0.0
13430,0.0
13438,-3.1324373806099004
13439,0.0
13440,0.0
13441,0.0
13443,0.0
13446,-0.08027221637075854
13449,-2.965531170612879
13451,0.0
13456,0.0
13461,2.294933869595413
13462,-4.131508040351429
13466,-4.124520549792704
13468,0.0
13470,0.0
13472,-0.9067511952965361
13474,-0.5496362336784113
13475,1.4008691119711738
13476,0.0
13480,0.0
13482,0.6971131680580189
13486,1.3908220635847819
13496,0.5460609871516837
13497,3.9853247585170717
13500,-0.5533737659861586
13504,1.5546476964686313
13515,0.0
13520,0.0
13522,0.0
13526,-0.6600238823170663
13531,0.0
13535,-0.4482953210580085
13539,0.0
13540,-0.49669013792211025
13543,2.1761761217453355
13546,0.0
13552,0.0
13556,4.250283022097957
13560,0.22676947514765544
13566,0.0
13580,0.0
13584,-0.9338044259906084
13594,0.0
13601,-0.47655037311426796
13606,0.0
13608,-0.37100033703626245
13621,-1.1327486099932038
13624,-0.19392224998927432
13626,0.8236435805138171
13640,0.0
13644,0.0
13647,-2.274339837029217
13650,-1.9586737362689917
13652,0.0
13654,0.0
13655,-4.518499358891473
13657,0.0
13663,0.0
13664,-1.0479194856356724
13678,-1.111669115466535
13683,-0.6669014212131508
13705,0.0
13715,1.0896586619510469
13729,-0.19995047787492126
13734,-10.06441347719122
13739,-0.010231443958048203
13749,1.3029498804298605
13751,0.0
13770,0.0
13774,0.0
13783,-0.6026649579564918
13784,-0.1988331371643497
13787,-1.2676276967563957
13805,-1.0028776625693467
13806,0.0
13812,-0.04144652570259311
13817,1.899581430729194
13834,0.0
13837,2.069250241670744
13839,2.0300105338240595
13849,2.518110944706244
13852,0.0
13856,-2.372784781957362
13857,-4.695500863126444
13858,0.0
13862,0.6319759388119515
13872,13.340628910335449
13874,0.0
13875,-1.8226501144122853
13894,7.324593752833412
13902,-2.1353991432896393
13906,0.0
13910,2.7985209733915273
13911,0.0
13916,-1.9169321305347324
13920,0.0
13926,2.295733514393385
13941,0.0
13943,0.0
13944,0.0
13946,-0.4111780366987787
13956,0.0
13967,-2.387579389249371
13968,0.6169387163048157
13975,13.340628910335449
13980,0.22540496106226726
13982,0.9654266494185251
13983,-1.5794155460290362
13985,-1.7132683126071662
14001,1.117872115880365
14002,0.5423831438173785
14009,1.7127563162931398
14017,-2.223027989506118
14035,0.0
14036,0.9713341683142716
14037,0.0
14039,-2.852260846841041
14052,0.0
14058,0.0
14064,0.32011944747390686
14068,-1.3174162764871173
14072,1.0458006073831143
14076,0.0
14081,-1.9499766475464977
14086,-1.8429114146592571
14093,0.0
14103,-2.0199746954786892
14108,-1.9308532988370537
14121,-3.671302296515403
14122,-0.30484838649001667
14127,0.0
14130,2.2633659540748123
14135,0.0
14139,0.33345071060657716
14142,1.7677134085816704
14150,0.5226002249761343
14151,-0.13962010555664328
14152,-0.6665015929164149
14157,0.0
14161,-1.6090444156975465
14164,0.0
14169,0.15456391987433094
14170,0.0
14176,0.0
14186,0.0
14188,0.0
14206,0.0
14207,-1.4252725477874932
14211,4.441705371963053
14220,0.09768865196028997
14221,1.8110161041572006
14227,-0.5687820155859189
14240,3.0493756610219425
14248,1.3540425930873
14266,2.851646261888403
14272,0.0
14288,0.6178161883891669
14291,0.0
14302,-0.21400595689726387
14303,0.0
14309,-2.439381698225331
14313,-2.734178484514917
14317,2.6326802024514038
14319,0.0
14327,0.0
14336,2.920575735186251
14340,0.0
14344,0.0
14348,0.0
14356,0.0
14362,0.0
14366,0.0
14369,-0.3711078171500297
14371,0.0
14373,-2.3609911209413657
14374,-3.1271822340577966
14381,0.0
14387,-3.172826590435104
14402,0.0
14413,0.09913630405743135
14424,0.0
14427,-3.806106232748453
14431,0.0
14439,0.0
14444,0.0
14445,0.0
14446,-0.7913446288085471
14450,0.0
14451,0.0
14455,0.0
14464,0.0
14468,1.9374990320126848
14477,-5.231694743684356
14488,0.0
14496,0.0
14506,0.0
14512,0.0
14520,1.4914169739775893
14526,3.561684961240031
14533,0.6665015929164184
14536,1.2385883291525293
14538,1.6990458032702982
14539,0.0
14545,1.3111591405994805
14557,0.0
14559,3.9478088992219416
14577,1.915658067265353
14579,2.130110877562208
14583,-2.5310645779288876
14590,1.2571312825536864
14592,0.0
14597,0.0
14599,0.0
14603,0.0
14607,0.0
14612,0.0
14613,-4.37100342957214
14614,1.7003452197242126
14624,2.615311638275765
14625,1.8006338372755089
14627,0.0
14631,0.0
14638,0.0
14673,-4.165213886744775
14676,0.29667504793566124
14682,0.0
14690,1.7377679689533458
14693,-1.7793187023677302
14697,0.0
14704,0.0
14706,0.0
14710,0.0
14715,1.2005353591762464
14726,0.0
14729,0.0
14734,0.0
14737,-0.4466434514179163
14750,-4.120511085526836
14752,0.0
14753,0.0
14756,0.0
14758,0.0
14778,0.0
14789,0.0
14792,0.0
14793,4.091394628724332
14795,1.0835955580316892
14797,5.129296056063499
14799,0.0
14807,0.0
14824,0.0
14828,-1.9621040603575324
14835,5.45572082489392
14838,1.2965525774653326
14847,-1.3832370362141582
14853,0.0
14868,0.0
14878,0.0
14886,-2.7993455093660593
14890,0.0
14896,-0.5009955531525385
14898,0.0
14908,-3.3523015728253913
14912,0.14348192667635118
14917,0.25209835746494313
14923,-0.9686522325704523
14932,0.0
14936,0.0
14938,0.0
14939,0.0
14943,-1.5606456081071105
14947,-3.358926823838569
14965,1.808478424301061
14970,1.979252069634601
14973,0.0
14980,0.0
14985,0.0
15002,2.9520407716084787
15008,0.05925421930390229
15009,0.0
15015,0.0
15025,0.0
15030,-0.8151141272449447
15032,0.0
15038,0.0
15039,-0.13330031858328795
15045,0.0
15048,1.9818082987697814
15049,0.0
15054,-0.39545762928101347
15055,-1.3096896381988827
15058,-0.532559361194398
15060,3.2341696277385648
15063,0.0
15078,0.2357229050753915
15088,0.0
15093,2.480903254966414
15103,0.0
15109,-0.8883217570594457
15110,0.0
15115,0.0
15119,4.6929737935262725
15128,0.0
15134,-0.2783405927504532
15157,-0.01371967356353565
15162,-1.5903725422003774
15172,-0.2544152432688591
15173,4.847090173725526
15174,1.0473151488555938
15180,0.0
15182,-1.750884853747591
15183,-1.8206767038692107
15198,0.8488198350590181
15199,-0.49625845819626235
15209,0.833708279136621
15220,0.0
15224,-3.299181795367824
15233,1.3812738918276342
15235,0.0
15239,0.0
15243,-0.7153881453163713
15246,0.0
15251,1.307683354422597
15259,-0.5354074658343446
15269,-0.6001313134324882
15276,2.6470726993752773
15291,-0.09071334472709047
15296,0.0
15300,-0.5870289988895241
15301,8.245167498813771
15305,0.0
15311,0.0
15331,0.1468686545516782
15333,1.3318206155088035
15335,0.44532787428832066
15336,3.3012283352651117
15339,0.0
15353,-0.07020892410404755
15357,0.0
15374,0.0
15376,0.18689000302992653
15380,0.0
15392,-0.3517656233349591
15394,-0.3611862262206458
15402,0.0
15404,-1.420615816800666
15411,-4.265490088567814
15412,0.0
15414,-0.02929213367418626
15420,3.420840286484035
15426,0.0
15429,0.0
15436,0.0
15438,-1.8277742883804393
15442,2.708615515679595
15443,0.0
15446,0.6890246293315698
15447,0.0
15448,0.0
15453,-6.5254787858743555
15456,-0.46892151543185534
15457,3.4923012607537203
15464,0.0
15471,0.0
15489,0.0
15503,-2.7935846440211556
15518,1.4400521816038356
15519,0.3445550441248386
15524,-2.498670701135385
15525,5.6092534580862505
15528,0.0
15534,1.99107093902842
15539,2.047957768534978
15545,0.0
15551,0.1215120440309434
15553,0.0
15556,0.0
15557,0.0
15560,-0.25354971854719466
15563,-0.3295199859745246
15569,0.0
15580,0.0
15585,3.7258696580075643
15587,0.0
15589,-1.5324932477307769
15590,-0.7947836864016402
15593,-9.391328069089525
15606,0.0
15610,-0.6425255637949725
15612,0.0
15622,-0.9719695660794798
15625,0.0
15627,-0.8918313764763184
15629,0.0
15632,-0.7793264160150635
15633,-1.13512787966609
15645,0.0
15658,3.490103761280679
15666,0.0
15668,0.0
15669,0.0
15670,-1.9308532988370537
15673,0.0
15683,1.3348560534447174
15684,0.0
15686,0.0
15688,-1.3957765542104124
15690,-1.158511979302233
15692,0.0
15694,0.0
15703,0.0
15711,0.0
15716,3.8210857759506585
15718,0.0
15723,0.0
15726,0.0
15727,0.0
15747,0.0
15751,0.3611862262206458
15757,-0.8117576613972215
15766,0.0
15772,1.037294681461976
15773,0.0
15778,2.8185647935927314
15782,0.0
15791,0.474566523561581
15795,0.0
15805,-1.2071634879594217
15812,-0.8886560278889242
15819,-1.2031496027048156
15825,0.0
15829,-15.603689422257908
15832,0.6549386346764088
15836,-1.2714145116105477
15838,3.4603693471666084
15855,-0.08044476172234383
15859,0.0
15865,0.0
15868,-0.16114064671802097
15874,3.992783993516486
15877,0.0
15878,-0.060676007882975114
15879,2.4671238247917575
15890,-1.1047983425462498
15899,0.0
15907,-0.49036333700833623
15910,0.0
15915,-1.0871500629652822
15917,-1.3140167788956418
15937,2.2449208859655734
15940,0.0
15956,0.0
15957,0.8216239693876268
15958,-0.8127146298604426
15960,0.0
15988,-5.003934569345924
16027,0.06536594573207566
16030,0.0
16032,0.0
16036,-0.7373385809720041
16038,0.0
16043,3.71024478462866
16045,0.0
16047,0.0
16048,0.0
16055,1.2416103851407119
16062,0.0
16067,0.0
16073,-2.24953072953757
16076,1.112284030239877
16096,-1.7547432759146293
16101,-2.9670064109165697
16106,0.0
16114,0.6724103791794924
16115,0.0
16121,0.0
16123,0.0
16129,0.0
16131,1.6759499162897988
16132,-0.3810865264075183
16133,0.03774863101391013
16134,-1.4849775934285638
16139,0.12175819308173175
16145,0.04806321817401482
16146,0.19308532988370786
16147,-1.866204460165969
16151,0.5462744332071168
16152,0.0
16153,-2.0494163945039965
16156,-1.4781215057304244
16171,0.0
16173,0.0
16185,0.0
16198,0.0
16202,1.658785207123497
16226,0.0
16229,1.1450111490250485
16237,0.0
16247,0.0
16248,-1.1458578129931496
16251,-14.571436407089934
16253,0.07327678073765576
16258,-0.3591290513929408
16259,0.0
16261,-0.36921144719910615
16266,-3.5941788063003735
16267,0.0
16288,-1.0036328836251158
16294,-1.333602928277939
16299,0.0
16302,1.9308532988370537
16303,-2.6507096778017942
16311,0.04964048838770552
16317,0.6141564888652056
16320,-0.17360778989479897
16321,0.0
16325,0.0
16328,4.90796714894007
16329,0.0
16330,0.0
16331,0.8012198490070652
16334,0.0
16335,1.9036254216147483
16341,0.0
16372,-1.2228930224014896
16375,
16376,0.7721698318071724
16377,-0.5881621011560831
16384,-1.5025656078287817
16397,0.0
16401,0.0
16407,-3.4378746862827665
16410,0.0
16414,-0.2948829517850591
16436,-6.329076027681696
16438,-3.4083354643587622
16440,0.0
16445,2.943128379549538
16446,0.19995047787492126
16449,-1.3531454402827787
16451,2.4761979614579186
16456,-5.274900664213694
16458,0.0
16464,0.0
16467,0.0
16472,2.3068715610252823
16481,0.0
16482,0.0
16484,0.0
16486,-0.972748023075038
16494,0.0
16498,1.7993620686820542
16500,0.6404063262840207
16504,0.0
16505,0.0
16509,0.0
16512,0.0
16524,0.09751943887879122
16537,-3.264256312966621
16544,0.0
16545,-0.22545904670272066
16548,-0.6436177662790215
16551,0.0
16558,-1.6090444156975465
16567,0.0
16574,-1.6829277291831417
16577,-0.37685719779376115
16587,2.966130913057981
16590,0.0
16592,1.0970497316125485
16599,-0.07076827134688202
16611,-3.400146915263859
16613,0.0
16615,-1.3599191081377509
16616,-0.6931545671304029
16621,0.0
16622,0.0
16649,0.0
16652,-0.9139573353738388
16653,3.0955846678892662
16662,0.0
16666,4.243071008271038
16669,-5.405306202102604
16670,-0.008591641750443912
16671,1.0657236701502235
16687,0.4907658103037811
16696,-0.6366806331335457
16697,-4.086861293292669
16708,0.0
16720,0.0
16723,-1.8250338264575845
16727,-11.365399198825736
16733,0.0
16740,0.0
16746,-2.5037707732781147
16754,0.0
16757,-1.214351889246089
16762,0.0
16767,0.0
16778,0.0
16779,0.0
16790,-1.657657949452311
16792,0.0
16801,4.636120558698895
16804,0.0
16806,1.375972177886979
16807,0.0
16808,-3.931557562476506
16809,-1.4320929152447306
16834,0.0
16856,0.0
16861,-0.3784985153390128
16863,-2.1377518409567333
16871,-0.39852070844406384
16875,-11.854417144963573
16883,0.410576694632681
16892,0.07281193995515522
16894,5.258255933052904
16896,1.1175921170988445
16899,-0.7155449129220806
16909,0.0
16912,1.965778781238253
16913,-0.44082864253004317
16916,2.797188163845785
16926,0.0
16938,0.0
16939,0.0
16948,0.0
16961,0.0
16963,-0.2925976544231581
16964,0.0
16970,-2.933033408619133
16980,-1.7577261634563115
16987,10.087975756148916
16991,0.0
16992,0.0
16993,-20.214491895402112
16997,0.0
16999,0.0
17005,3.2175199485285333
17018,-0.7091101813991241
17024,-0.6436177662790215
17028,0.0
17029,0.0
17035,-1.8550829600317336
17037,2.0004643666614133
17041,-2.054984168462809
17051,-1.9587175068300837
17057,-0.39484674277453635
17076,-2.346873879799931
17084,0.0
17091,0.1977420608705316
17095,4.754678207983575
17098,0.0
17100,0.0
17102,0.0
17108,0.0
17109,0.0
17115,1.051684467463236
17118,-0.7057143551470002
17122,0.0
17132,-0.271291065867743
17135,0.8810284129730128
17141,-0.13330031858328795
17150,0.42763093165799404
17152,0.0
17154,0.14629141870018358
17162,1.450083235969931
17167,0.0
17171,0.0
17175,0.0
17179,-3.350298406839757
17184,-0.2621038374984366
17192,0.8458480672090687
17196,-2.5234053778762195
17205,-1.6195480031934846
17209,0.0
17214,0.0
17218,1.2017446468725232
17221,-4.786503839714319
17224,1.26487367144526
17229,0.0
17230,-1.911850332190033
17244,0.0
17249,-1.4233981781939455
17250,13.068589643745627
17257,-2.2287100119458216
17270,0.0
17273,0.0
17276,0.0
17280,3.372274608774573
17298,0.0
17308,0.0
17313,0.0
17323,0.0
17330,0.0
17340,0.7697028405043653
17344,0.0
17345,-3.7023679141175343
17348,-4.120917422221773
17352,0.4402639428984223
17356,0.8659160313932759
17368,-0.13330031858328795
17371,0.0
17376,0.0
17378,0.0
17380,0.2313456276922814
17383,0.49222553352510445
17385,0.0
17388,-0.37155936324732863
17390,0.0
17393,1.1481626824333873
17406,-6.1337051756667975
17413,0.4014021154755536
17417,-6.819476346674682
17426,0.0
17433,0.0
17438,3.5375530875671686
17441,0.0
17456,0.2835424831428277
17462,0.0
17467,0.0
17474,-3.134434322201157
17484,-0.3216089689911463
17485,1.7728018766482556
17490,0.0
17492,0.0
17495,0.6436177662790143
17499,0.0
17500,0.0
17510,5.127961410286856
17512,1.546637839535455
17516,0.0
17524,2.178803359677371
17526,0.0
17528,0.7055421117933811
17538,0.0
17552,0.7544811415062718
17560,0.0
17563,0.0
17565,0.11778554687483833
17567,0.0
17568,-4.413457847668273
17569,0.9820728691268918
17580,1.1813152576902581
17585,0.0
17590,0.0
17591,0.0
17595,4.578552059641339
17598,0.0
17604,0.0
17607,0.0
17609,0.0
17611,0.0
17613,0.0
17628,-4.86832738748352
17635,0.0
17638,0.0
17650,0.0
17654,0.3789078941744446
17657,0.0
17674,3.7744576597617794
17675,-3.2426621231740604
17676,4.182139408406101
17677,0.0
17678,-0.28996425776004386
17679,0.9182008134940673
17680,-1.0995757273203512
17681,0.333250796458211
17682,3.627282220699236
17683,4.65601190099391
17691,0.0
17696,-1.2730009699683453
17709,0.7838740441768977
17713,2.1177752441202635
17715,2.509959133194137
17730,0.0
17732,-1.9586737362689917
17750,0.0
17752,0.0
17773,-1.825441638295393
17777,3.560449745326478
17780,1.5483728993876795
17782,0.0
17793,0.0
17803,0.5167739504422464
17814,0.0
17815,0.0
17819,0.0
17824,1.462139693803179
17825,0.0
17829,0.0
17833,-0.19532948915148474
17837,1.3844529680233002
17838,1.0612272983856066
17842,-0.43624683994116253
17856,0.776998050521648
17857,0.6669014212131508
17864,-0.6801474544486119
17866,-1.9308532988370537
17871,0.0
17874,-1.8541708668042585
17885,0.0
17888,0.42918655833644337
17890,-0.24500706317049747
17893,-0.017352532891614203
17894,0.0
17904,-0.5291806775033443
17905,0.0
17906,0.9489363065269139
17911,1.6970194290700285
17912,0.0
17914,0.0
17940,1.8685584397862716
17949,0.0
17957,0.0
17960,0.0
17964,0.22158952550275046
17966,0.0
17969,0.0
17970,0.0
17973,0.0
17974,0.0
17982,0.0
17986,2.435959086908005
17987,-0.22799786002187616
17990,-1.4295187587743605
18028,2.254533829955376
18034,-1.0823953382737148
18035,0.0
18036,1.1888716861980768
18053,-2.2017743003410857
18056,0.0
18058,2.5620966454348064
18067,0.0
18069,0.0
18072,0.0
18077,-7.3329439103557394
18079,2.3675416612461344
18085,0.3415266549648308
18087,0.0
18089,0.047349693020176886
18095,0.0
18097,-0.07941198464131283
18098,0.0
18107,0.0
18108,0.0
18109,-0.5150015027843331
18111,3.380484925592441
18113,0.0
18114,5.43254685187263
18119,-0.8439507805510544
18136,0.0
18137,0.0
18143,0.0
18164,0.23025412476384233
18167,0.0
18179,0.0
18197,3.1705133749047185
18212,-0.8386030012728636
18214,3.31996320159981
18217,0.0
18219,0.0
18223,0.32961799573815753
18226,0.0
18232,0.0
18237,-1.9308532988370537
18239,-0.0957277573202866
18242,0.599211894979014
18250,1.471074303925647
18253,0.0
18254,0.0
18259,-7.7590586257405505
18261,0.0
18264,3.6827889275951264
18267,2.4321473140486702
18273,5.089676545029969
18283,0.0
18302,0.0
18305,0.5239196513157722
18310,-6.691764969412349
18312,0.0
18325,0.0
18328,-2.9837358223553103
18330,-0.9057216037774509
18331,0.0
18332,0.0
18333,1.5488628820591632
18340,-2.044648925359084
18341,4.517346815149546
18343,0.0
18349,0.0
18359,-3.009941516385396
18364,0.9464040107656118
18374,0.0
18376,-2.36280157172696
18377,0.0
18380,0.0
18383,3.94299947579521
18398,3.0285516560489025
18401,0.0
18402,0.0
18407,-0.3943692152153755
18408,-0.5423628576779844
18412,-4.538154195603479
18414,-0.6552595937460808
18419,0.935837054347644
18422,-1.3887510492937611
18430,0.0
18432,1.6662539822910407
18439,0.0
18441,0.0
18451,0.0
18472,-0.0341095674797014
18473,0.0
18474,1.3445419278989856
18478,0.0
18492,-0.916497782905493
18497,1.4198277946596463
18506,2.4692090374606614
18508,0.7381577596521254
18516,0.0
18519,0.0
18523,0.0
18524,0.0
18532,-0.23536925626553895
18540,0.0
18551,0.0
18552,-0.5194203917917086
18557,0.0
18568,4.049248226673408
18575,0.0
18580,0.0
18588,0.0
18594,0.0
18603,0.0
18614,0.7968924147718006
18617,0.0
18619,-4.654739660445905
18632,0.0
18653,0.0
18661,0.0
18676,3.554973255780684
18689,-2.1924636065951866
18702,0.0
18703,2.747020616383683
18706,1.116410955702392
18710,2.969777944081649
18727,3.298860836298145
18743,-6.521571590303109
18745,0.6001103212360306
18750,0.0
18752,3.931557562476506
18759,0.0
18767,0.0
18773,-8.605699496181423
18775,2.1401537723666397
18779,0.0
18780,0.0
18781,0.44619416376482235
18810,-3.31860995589086
18811,0.6384891156563981
18812,0.0
18823,-0.17201255453924702
18827,0.0
18828,0.0
18830,0.0
18834,0.0
18839,0.0
18850,0.0
18852,-3.4401519507431697
18853,-4.145451846109292
18855,3.8688864789435513
18856,1.8871759525331555
18881,-0.15587438914203844
18883,0.9681132249878459
18892,0.0
18899,-4.988976193074317
18914,-1.111214053742021
18918,0.0
18923,-1.0121835167490971
18931,-1.0346778717758252
18936,0.0
18937,0.5204532561864248
18947,2.023188261980117
18961,-0.9147934121745003
18965,4.341549872757682
18966,-2.3513770925827515
18972,0.0
18975,0.6897950175208098
18976,0.0
18986,0.0
19002,-3.013934416256035
19005,0.0
19009,0.0
19020,0.0
19032,0.0
19035,0.0
19037,-0.8482218307190319
19039,-4.048276217318772
19046,0.0
19048,0.0
19078,4.572322195286926
19080,0.0
19084,0.0
19086,0.0
19088,0.0
19092,0.0
19097,0.0
19098,0.0
19101,0.0
19105,1.6944226228818167
19109,0.0
19113,0.0
19114,1.2784950161310906
19116,-1.6300314755686411
19128,0.09903734225622784
19130,1.3351756831961872
19131,0.0
19133,3.093898941590254
19135,0.0
19145,0.0
19147,0.0
19155,1.0149001995686753
19165,0.0
19166,2.6268534326213597
19173,1.553383518844596
19177,0.0
19178,0.0
19184,4.131508040351429
19193,6.442727675688557
19196,0.0
19215,2.7050426875463334
19226,-2.2145831237674614
19234,1.1555593681901755
19239,0.0
19241,0.0
19243,0.8195178406913435
19251,-0.5551442548355165
19257,1.2725301189751583
19262,0.0
19265,-2.8249485472919744
19269,-1.7071114529054352
19271,0.0
19278,-0.22165720793330124
19286,2.7732235428470418
19287,-2.28431931126212
19289,0.749445811584291
19290,1.6780363840714756
19296,0.0
19304,0.0
19311,-11.856998920811836
19314,-0.5998514336247744
19315,-3.709655508891103
19325,0.0
19329,-3.087074743225232
19334,0.0
19337,-0.31633906824332314
19339,0.0
19349,0.0
19354,0.0
19355,0.0028157869633673727
19357,-0.4408773196719036
19359,0.0
19367,0.0
19392,0.0
19395,0.706596469280699
19397,0.0
19400,0.0
19404,0.7226410680869542
19406,-0.30445687469416427
19409,0.0
19411,2.4167482988373195
19413,-3.1400301530216606
19421,0.7923195940190411
19422,-6.381026776456835
19429,0.0
19446,0.0
19447,-0.1790206408030457
19448,0.0
19452,0.0
19463,0.027251565795628707
19466,0.0
19467,0.0
19471,0.0
19488,0.0
19496,0.0
19497,-0.8011375705069099
19498,0.0
19500,0.0
19501,0.0
19504,0.5462810487347731
19506,0.9863333259584959
19507,0.0
19512,-0.3047944122353261
19513,5.052720145356851
19514,0.0
19517,-2.6665061570365864
19519,2.2487027518516456
19520,-2.7497023568476067
19521,0.8996238308245026
19528,-1.4509301287651795
19536,0.0
19539,0.0
19541,0.0
19560,0.0
19568,0.42449582787522466
19580,0.0
19588,3.2330724150410983
19589,-3.312812302600234
19591,0.0
19596,0.0
19598,0.0
19606,-0.4509301564224728
19608,0.0
19611,0.0
19614,1.572561787863167
19618,0.0
19620,3.3513483791717267
19625,0.0
19626,0.0
19638,0.0
19644,-5.214189931792621
19652,-2.356757263258789
19656,3.931557562476508
19657,-0.8412461865127518
19670,-3.931557562476506
19691,1.703605674478542
19707,7.023580997995234
19709,0.0
19721,0.0
19725,0.0
19736,-0.14892190147716633
19739,0.27283315685171416
19743,1.2665887563166862
19746,0.0
19749,1.2412232542910058
19756,0.0
19760,0.0
19768,1.7059989871445307
19773,0.0
19787,4.405063418218441
19791,0.0
19798,0.0
19802,-0.4553091158711595
19810,0.07345013283070578
19817,0.0
19820,0.0
19822,-0.9933829823777636
19831,-2.9579058948769283
19835,0.0
19839,0.0
19843,0.9710125692281899
19844,1.1965306524856327
19848,0.0
19851,-3.4212401147807743
19857,4.276050358105051
19858,-1.5208256659189683
19864,0.0
19866,0.0
19876,2.587707499540418
19877,-0.5371994378993534
19878,0.35192600686389497
19888,-0.5884894859654253
19890,0.0
19893,0.0
19894,0.0
19896,-1.4312758970123518
19898,11.550646518089007
19901,5.315629950197794
19902,0.0
19903,0.0
19910,0.0
19913,0.9654266494185251
19916,3.4045291434928266
19921,0.8377610730033389
19924,0.0
19935,1.1301875062987392
19944,0.9446280557178905
19945,0.0
19948,-0.11792751452054873
19959,1.8875996385362335
19961,-0.16424495757093993
19967,0.6370585747017756
19968,0.0
19974,0.0
19975,-0.7939855547813828
19976,0.0
19980,0.042907851085271176
19989,-2.044310879038136
19997,0.0
20000,0.0
20009,0.0
20021,0.0
20027,1.7010517501872116
20042,0.0
20047,-0.6894731859767571
20050,0.0
20051,3.452528821548931
20058,0.0
20060,1.465383741725386
20070,-1.828002683962552
20074,-1.699996482021632
20081,0.0
20085,0.0
20086,0.0
20092,0.9540545725254432
20097,-3.887577991793931
20104,0.0
20114,2.83399873152862
20115,-2.5593448075037806
20131,-0.3102692239804128
20132,0.6183154112038327
20138,0.0
20139,0.27642124927696443
20146,-0.19694126864970585
20147,0.0
20152,0.5247693850832
20163,3.084307809963235
20167,0.0
20171,0.0
20202,1.453680742139543
20204,0.0
20207,0.0
20214,0.0
20215,1.2104736334191415
20221,0.0
20223,0.0
20227,0.0
20228,0.0
20232,0.0
20234,1.335072913708018
20241,10.91624476508302
20244,2.965531170612879
20252,1.2492436162294993
20255,-0.08196668592522727
20259,2.5323178994484508
20263,-3.2914825929642593
20264,3.130661861609898
20266,0.0
20272,-2.5565506212731055
20274,2.905100059540686
20304,-2.1312944315962152
20315,-0.08036422393462495
20316,-4.710783474445851
20317,0.0
20319,0.0
20326,0.0
20331,0.0
20337,0.28027043999534484
20338,-5.030724080843269
20339,0.0
20341,-2.49837205756873
20354,0.0
20358,6.140855724705716
20359,0.0
20361,-1.3433457119717804
20368,-1.5754634931251204
20369,0.3099940025401242
20372,0.0
20373,0.7015756469395882
20378,0.0
20407,
20411,0.0
20412,2.408594854210895
20416,1.8309591216348249
20418,-0.34274479929070445
20427,0.767922627177132
20430,0.0
20440,-0.18314945937229865
20444,0.0
20446,0.0
20451,0.0
20453,-4.052037081958373
20460,0.872759659556543
20466,0.0
20470,0.0
20472,0.0
20477,0.0
20481,0.0
20486,-0.7929824409848614
20496,1.257730345940809
20500,0.0
20501,0.0
20503,0.0
20508,0.0
20537,0.0
20564,-0.2854665488921455
20571,0.0
20572,-2.3578413683494226
20573,-12.306010669085667
20575,3.1757290444008035
20581,-6.4434656437540525
20583,-2.7543386935676217
20587,0.0
20589,0.0
20590,1.4628556793924101
20597,0.0
20599,-2.9844953299452506
20601,0.0
20603,0.0
20606,0.0
20610,0.8518408248865548
20614,0.0
20619,0.0
20622,0.0
20624,0.0
20625,0.0
20626,-1.2962848258786597
20638,-3.4923870110047694
20645,0.0
20651,-3.0393310288378483
20654,0.0
20658,0.0
20661,4.609540503325153
20665,0.0
20674,0.934184298349301
20680,-1.235619527384742
20687,0.0
20689,0.0
20695,0.0
20697,0.0
20707,0.0
20717,0.0
20718,0.5027030040295948
20739,0.0
20752,0.0
20755,-5.3895149283198265
20764,-0.3999009557498514
20767,0.0
20769,0.0
20777,-2.6265160384061215
20783,-2.631855088740842
20791,0.0
20800,-2.064756711750043
20807,1.0084722061673865
20808,0.0
20817,3.7942897304256302
20829,0.0
20837,0.0
20838,0.0
20850,2.6666061141107704
20868,0.0
20874,0.0
20882,-0.8491290389856427
20891,0.0
20895,0.0
20896,0.0
20897,-5.757581052572533
20907,-1.677936315279215
20915,0.0
20916,-1.9984926353894625
20920,0.0
20924,-1.072165058621481
20926,-3.931557562476506
20928,0.0
20929,-3.931557562476506
20937,0.0
20939,0.0
20943,0.0
20946,-4.747358522691634
20950,0.0
20958,0.0
20959,-1.8401411095443834
20960,0.0
20961,1.0008556655103114
20964,0.0
20969,-0.12822760888900575
20972,-2.239272076770199
20976,0.0
20985,1.9899953669126003
21004,-0.17929352060629355
21006,0.0
21012,-3.336721668609526
21019,0.0
21022,0.0
21035,0.0
21038,-0.09531471274996406
21046,0.0
21056,-2.293594218353947
21060,0.0
21066,0.0
21082,2.4876580907417107
21095,0.0
21096,1.6670155932015263
21102,0.0
21107,0.0
21115,0.0
21120,0.0
21124,0.0
21136,0.218183806988673
21146,-0.6350037477701314
21147,0.46609076771602176
21162,0.312892010866598
21168,0.0
21170,-0.7187410800509291
21173,0.0
21179,0.0
21184,-1.4744525593426339
21205,-5.176892191976169
21207,-1.673451644330461
21209,0.0
21211,0.0
21217,0.0
21219,-0.40938303746859894
21226,0.0
21236,3.118264010237599
21237,0.30903442853799135
21242,0.0
21245,0.035927888404614805
21247,0.0
21251,0.0
21262,0.0
21264,2.155177586187497
21266,0.0
21268,0.0
21271,-0.1294522419195161
21276,0.0
21285,0.0
21296,0.0
21297,0.0
21299,0.0
21304,-1.8686081993557835
21311,2.4659357876934855
21313,0.7909682434821264
21317,-4.064857881059789
21323,0.0
21324,0.0
21328,4.858008104528855
21334,0.0
21338,0.0
21342,0.0
21344,0.0
21366,0.0
21371,0.0
21376,2.3073297643309676
21380,1.245054593251126
21391,0.0
21395,-0.21630011791795312
21407,2.9729380619944905
21411,0.0
21414,-5.3539156646609385
21434,-0.24557984157540602
21440,0.0
21453,0.8033224601926321
21455,0.0
21470,0.0
21471,1.4840518518619632
21475,0.0
21476,0.0
21477,-13.207328591752164
21481,-19.439840349492815
21483,0.0
21489,0.0
21493,-0.5819329128329684
21499,-0.5580987980625594
21501,0.0
21502,-2.797947848813237
21519,0.0
21524,0.0
21526,-1.0647420003484207
21529,2.220684768354481
21531,0.0
21542,0.490002968872032
21544,0.0
21560,0.0
21563,0.0
21582,-0.7277994686738687
21584,0.0
21591,0.0
21598,0.0
21602,0.0
21607,0.0
21608,0.0
21609,0.0
21613,-17.22873195905325
21632,0.0
21643,3.0742355822238423
21644,0.0
21650,-0.5426937184850722
21654,-13.478132434085383
21666,0.793082736396789
21670,0.0
21681,-0.1091675828738552
21699,0.0
21702,0.0
21706,-3.1522311464614425
21710,0.0
21718,0.5368304469125995
21720,0.0
21721,0.0
21729,0.0
21730,0.0
21735,1.2917762583001018
21738,0.0
21742,0.0
21744,-0.7998019114996975
21745,-0.485015092620543
21748,-2.5700029925634222
21750,0.0
21761,1.3755810081115776
21766,0.0
21770,-1.8854262578062162
21776,0.0
21778,0.0
21791,-4.6390479363273
21794,0.0
21796,0.045652819851579096
21799,-0.9044166207214346
21803,0.8649577771833776
21813,2.464740701960393
21815,0.0
21821,0.0
21824,0.0
21825,0.0
21832,0.0
21834,-0.9885103902042971
21851,2.427860487442752
21852,0.3212814238111914
21860,-1.1638081375129392
21861,0.0
21882,0.0
21883,-1.993847731623795
21884,0.0
21887,0.0
21889,7.797987321992723
21891,-2.2975858756314054
21894,0.0
21895,-0.7685710582609744
21904,0.0
21908,0.0
21912,2.1975597555456083
21921,-0.04251773471137632
21923,0.027422488293083802
21928,0.0
21931,0.0
21938,0.0
21945,-0.08973587327198373
21970,0.19013565675200184
21975,-0.7882126926650557
21981,0.333250796458211
21983,0.6333467877947356
21986,-1.790606084895277
22010,0.0
22017,-4.242607903775967
22018,0.0
22024,0.0
22026,0.0
22027,0.6361061946310187
22043,-1.4202414857126282
22044,3.090830109324788
22045,0.0
22048,-10.064613391339588
22053,1.6670536388845125
22057,0.0
22067,-0.349566469460882
22068,1.5318351773658883
22074,2.739450334518171
22075,-0.36923428043894546
22089,0.0
22091,-0.2040685899301664
22096,0.0
22104,0.0
22109,-15.343877999722075
22132,0.0
22155,0.0
22168,0.3070983611651208
22169,-1.0606165358964361
22170,2.1200502603905385
22178,9.90698427467467
22179,0.0
22182,1.6060599956370076
22188,0.0
22194,0.31832413416959504
22195,-0.3985794507643412
22197,0.3332507964582092
22199,-2.1877864065088275
22201,1.8148231213834407
22208,-0.11701272870474355
22211,-3.037940606634006
22220,0.0
22232,0.41414494323658246
22238,0.0
22248,0.0
22251,-0.8260809061974363
22254,-1.9308532988370537
22271,-3.858843429031536
22272,0.0
22275,0.0
22279,0.0
22280,2.2159635614973077
22281,0.0
22284,0.859477495505736
22286,0.3589211543431041
22288,-0.19995047787492304
22295,0.0
22306,0.0
22307,0.0
22310,2.000704263639454
22318,0.0
22319,-0.07134687310814058
22321,-1.6779902693411248
22322,0.0
22325,0.9909130390835479
22341,0.0
22344,0.0
22356,0.0
22357,-2.740605553690136
22363,0.0
22377,14.913251935326048
22381,0.0
22387,0.0
22392,1.1830758447276644
22396,-4.264808358934717
22400,0.0
22405,0.0
22409,0.0
22412,0.0
22413,-2.1556819456924146
22414,0.0
22416,0.0
22426,0.0
22431,-2.2223203796051365
22432,-1.1223553313840355
22433,0.0
22447,0.0
22451,-2.478171629160096
22454,-4.497153731919672
22460,0.07808718336808518
22463,0.0
22470,-0.6552595937460879
22481,1.7420949622858508
22482,0.0
22508,0.0
22509,2.6392047119338766
22512,0.06697002192902879
22513,-4.93902685930855
22515,0.0
22516,0.0
22521,0.0
22522,0.0
22528,0.0
22537,-0.8327389812560231
22551,0.9887103043526579
22554,0.0
22555,0.0
22576,4.523381880959754
22577,0.0
22580,0.0
22586,0.0
22593,0.2900621181944363
22594,0.0
22595,0.0
22600,0.0
22604,-1.856775945705035
22605,0.0
22613,-1.630114052912365
22614,0.0
22620,0.0
22621,-0.9281234249254293
22622,1.6327051828479693
22624,0.163328209946485
22641,0.0016929092124371437
22649,1.293011711208507
22655,0.0
22656,1.0115941309900585
22657,-5.002943899552529
22658,-1.2591116426602973
22661,1.2914947997395068
22667,0.0
22673,-2.1841221504232315
22675,0.5640376939773617
22676,0.0
22678,0.0
22682,0.0
22683,0.0
22704,1.2781904269086652
22710,-1.0378612657530901
22711,-0.6373481444609403
22712,0.0
22731,1.8500532564558192
22743,3.2330724150410948
22764,0.0
22765,0.0
22766,0.0
22769,2.1404661997068537
22779,-2.802605464542257
22780,-9.8910416236032
22782,0.0
22786,0.5934271931922552
22798,2.790084798620187
22801,0.0
22811,0.0
22815,0.0
22832,0.0
22837,-1.4299269417810176
22838,0.0
22841,0.0
22844,-0.9998470324470947
22876,-1.493182645190263
22877,2.921894798604738
22882,0.0
22883,0.0
22898,0.0
22912,0.5589351618390541
22916,-2.656859577418315
22918,-0.47748492138465437
22925,2.9364159692046474
22928,1.3252534205224968
22946,0.0
22947,0.0
22949,0.0
22952,-0.35416849714774656
22965,0.0
22969,0.0
22971,0.0
22984,0.8654809125709697
22985,0.0
22989,2.3538994040214654
22994,0.0
22996,0.0
23003,0.0
23011,0.0
23025,0.0
23026,-0.8001617569667587
23030,1.1231308057232603
23042,0.0
23044,-2.6583320500567726
23045,0.0
23046,0.13018332326323367
23057,0.22104021435622556
23067,0.0
23090,0.0
23093,0.0
23095,-2.333826929647424
23099,2.788040950777493
23103,0.0
23119,0.2752140839246273
23121,0.0
23126,0.0
23129,0.0
23147,0.0
23148,0.0
23156,0.8304636952776008
23158,0.0
23159,0.0
23169,0.0
23170,0.0
23177,0.0
23179,-3.2312176676705455
23187,6.069713940910285
23196,0.0
23201,0.0
23220,-5.196403687933605
23231,0.0
23244,-2.8082277029790284
23256,0.0
23258,0.0
23269,0.0
23276,0.0
23287,0.0
23292,0.3950921428551766
23294,0.0
23296,0.07448327491625584
23329,1.9191467361834533
23337,0.0
23339,0.0
23341,0.0
23342,0.0
23344,-2.3839143045280284
23347,2.754184509654097
23348,0.0
23349,0.0
23352,-0.25155485575264613
23353,0.0
23362,0.0
23363,1.823212710558776
23370,1.266552424038851
23381,0.0
23398,2.5977547200502045
23400,2.4677281744331676
23406,-1.8227056337321308
23408,0.0
23417,-1.7113314299766156
23423,0.0
23425,0.0
23429,1.2988773600251022
23434,0.0
23438,-1.8403288545029106
23440,-2.437500683649473
23442,1.202805562623828
23443,0.7957050008304112
23460,0.0
23471,2.483062118455919
23481,0.0
23483,1.1997028672495524
23485,-1.1695309409770829
23490,-1.7147608525955853
23496,3.2762979687304252
23522,-0.8935145174068246
23527,0.0
23532,1.1199532361146822
23533,0.0
23538,1.7374901985553919
23539,-2.8780856531992125
23540,-2.4093261211533274
23541,-3.933744078528182
23545,1.1809543461690488
23547,2.492435449204546
23558,0.0
23561,-0.7921127417887384
23578,0.07421607814597664
23587,0.0
23592,0.0
23593,0.0
23603,0.0
23615,1.5120766912822106
23641,0.0
23650,0.7723413195348208
23657,0.4595296268493101
23659,0.0
23667,-6.5038276602705825
23669,0.0
23670,0.0
23694,0.0
23700,-1.0002434482722684
23703,-0.07368923503635472
23706,0.71969477283203
23711,1.3335969031787585
23712,0.4680425669614827
23717,3.235718483138566
23718,0.0
23719,1.2156914547992557
23737,-4.5025447708966
23738,0.0
23741,0.0
23743,-1.7587232583940668
23765,-0.49359959678301557
23769,0.0
23772,3.502435828352988
23779,-1.7186716176461658
23806,2.986260881648704
23817,0.0
23818,0.0
23838,0.7854838295652691
23846,-0.6819541273013812
23853,0.0
23858,0.0
23860,0.0
23865,0.0
23874,0.8427421368213395
23879,0.0
23897,0.0
23900,0.0
23920,0.0
23922,0.0
23945,-1.9133232357276384
23947,0.0
23950,0.4397181527900589
23961,1.781895152493174
23966,-1.50086512526984
23967,0.6630149786936173
23969,-2.1604025289107103
23971,0.0
23976,0.0
23983,0.0
23995,-4.291409957861834
23997,-0.6759462925963717
24008,0.0
24011,0.0
24012,-2.644401550219259
24025,-1.044518733225356
24036,0.0
24040,0.0
24043,12.016416125792958
24044,0.0
24061,0.0
24077,0.7506955721064834
24078,0.0
24079,-2.717281681720454
24081,0.0
24092,0.0
24095,6.485800875702726
24097,0.0
24102,-13.740676688374403
24113,-0.9187107947721529
24117,0.0
24119,0.0
24124,-1.275593705090973
24126,-1.2893594648260631
24134,0.0
24135,2.2581651643657086
24138,-3.3233323569369997
24143,3.3255071211142333
24147,0.0
24150,0.0
24172,3.0711603649707566
24188,2.1783212204668434
24189,0.0
24193,2.7379819382210453
24195,0.0
24196,0.0
24197,-0.7052652714128094
24201,-0.6379200809203898
24203,5.662403041171039
24208,0.0
24218,-0.04535777984904499
24226,0.0
24232,0.0
24233,0.0
24238,0.6510080279263875
24262,-0.5217366791430891
24270,0.0
24274,0.0
24277,-3.188386509199381
24283,0.0
24285,-2.439651772954857
24292,0.0
24293,-1.9720619086068147
24300,0.0
24302,-2.818444718875897
24307,0.9361095011432923
24313,-0.935599398611199
24314,0.0
24315,0.9634991676186111
24327,0.0
24328,-0.23388738763808448
24338,1.1515268828219902
24339,0.0
24343,0.0
24346,0.0
24347,0.0
24354,0.0
24356,1.5156760901155977
24359,0.0
24374,-1.5394768964015153
24382,0.0
24384,0.0
24399,0.0
24405,0.0
24413,0.0
24414,0.0
24418,1.2314731724219428
24425,0.0
24449,0.0
24454,
24470,0.0
24473,0.0
24475,0.0
24493,-1.1647756991212965
24501,0.0
24503,0.0
24504,0.0
24518,0.0
24528,0.0
24536,0.0
24537,0.0
24540,0.837344470081673
24541,-2.397413753061592
24544,0.0
24555,0.6147215123849552
24556,0.0
24557,0.0
24562,0.0
24578,0.0
24582,0.0
24583,0.5107172759924712
24608,0.0
24623,0.0
24624,3.107401571978224
24626,0.0
24630,1.3105191874921651
24633,0.0
24635,-0.9255721716991552
24644,-0.3143449777909062
24652,0.45838913801378567
24656,5.954103906317277
24658,0.0
24660,-0.49867793491717904
24668,5.6092534580862505
24669,0.0
24677,0.0
24688,1.639646160264709
24695,0.0
24698,0.0
24702,-0.9413410908054836
24711,0.0
24712,0.0
24715,0.0
24720,-1.8663131078119441
24723,-0.19203058196235645
24728,0.0
24730,0.0
24735,0.0
24737,0.0
24739,-1.047916549710532
24744,0.0
24747,-3.649126022418134
24749,-4.601207808621231
24752,0.0
24754,-4.945662340670733
24756,0.0
24757,-0.8137235821775946
24758,-0.6725395954403162
24773,-0.8805331206381215
24778,2.063208367416152
24781,-1.043988152236878
24782,0.0
24787,0.0
24788,-0.7318347702869197
24802,0.34115792623451746
24804,0.0
24806,0.0
24809,0.4093968377397026
24819,0.0
24820,0.0
24823,0.0
24825,0.23172571999285196
24826,0.0
24828,0.0
24832,0.9532071318008111
24837,1.2607465775789723
24840,0.0
24847,5.228529391278849
24850,0.0
24854,0.0
24861,0.0
24871,-2.2355462420853343
24879,0.0
24887,0.6667015070647828
24893,0.0
24904,0.0
24924,0.0
24925,-0.7627658740750753
24933,-0.7928803803817033
24935,-0.1557173719454319
24945,0.13330031858328795
24947,0.0
24954,-5.060513011706618
24961,0.0
24969,0.0
24976,-1.9010497198838294
24981,-2.5737741396213476
24983,0.0
24987,-0.6554241495938662
25000,0.0
25011,1.058427737785923
25019,-3.5156304964646363
25032,0.0
25034,1.3813089868367072
25038,0.0
25062,1.7441675242566728
25064,0.0
25066,0.0
25071,0.0
25075,0.0
25077,0.0
25079,0.0
25082,2.572975156810326
25083,-1.4390428265996036
25085,3.141506198227143
25088,-0.26700046546330114
25090,0.0
25092,0.0
25102,2.4321803954727095
25103,2.3607643473960884
25104,0.8887422681550117
25105,0.0
25117,0.0
25137,-5.785621527726946
25149,0.0
25150,-1.159006821265871
25158,0.0
25168,0.0
25173,5.535658185144037
25177,-0.6552595937460808
25179,0.0
25185,-1.4024074643467834
25187,0.0
25191,0.12406682226898269
25200,-0.45537346363590636
25203,0.0
25225,0.0
25226,0.031114901724158983
25235,0.0
25245,0.0
25252,0.0
25263,5.432919175222436
25267,0.0
25272,0.0
25276,0.0
25288,0.0
25289,0.5990141355701226
25294,0.0
25295,0.0
25307,-3.2762979687304252
25308,-2.7494847579301602
25319,0.08869241844972464
25320,0.0
25325,0.0
25330,0.0
25345,0.0
25362,0.0
25364,0.0
25368,0.16822981054712471
25384,0.0
25386,0.0
25394,0.0
25405,-1.2872355325580394
25407,0.0
25415,0.0
25418,-0.09638883100933526
25425,0.0
25426,-2.048183004038103
25437,0.0
25438,0.0
25448,-1.6779101478405725
25455,0.8175728697682416
25456,0.0
25472,0.0
25474,0.0
25484,-1.5902616384519774
25485,-3.6866361650533506
25487,
25492,0.0
25495,0.0
25497,0.0
25502,0.7793264160150635
25510,-0.712106574996529
25512,0.0
25520,2.132247104065071
25540,0.0
25548,0.0
25555,0.0
25558,1.0002732625926711
25567,-1.8406234925959186
25573,0.0
25574,0.0
25580,-4.3591320199563945
25581,0.0
25584,1.9885949647084722
25586,0.0
25588,-0.15234322123804311
25590,2.5769867116699956
25603,0.0
25608,0.35042464991631306
25610,0.0
25613,0.0
25615,-0.9916605229867095
25637,1.6090444156975465
25639,0.1323411637737948
25654,0.0
25661,2.628109046305916
25666,0.0
25676,0.0
25682,1.0669623082816955
25686,0.22460536588069147
25691,0.0
25696,8.559500332245904
25701,0.0
25702,-1.9820144089730967
25704,0.0
25708,0.0
25710,0.0
25712,-1.5150537694011383
25713,18.897888741400678
25723,-0.9157046361745245
25726,-1.801748919788805
25729,0.0
25740,0.0
25746,0.0
25748,0.0
25750,0.0
25762,2.4649542924494803
25772,0.0
25773,0.0
25787,0.0
25792,0.0
25796,0.0
25802,0.0
25809,2.449307013569083
25811,0.0
25816,0.0
25822,0.0
25823,0.0
25833,0.0
25838,-1.6877377653993975
25840,0.44097180378662415
25863,0.0
25866,0.0
25868,0.059771840210341765
25874,0.0
25878,0.7149221727858084
25879,-0.9048805860694795
25886,0.0
25900,0.0
25919,1.8933802873372567
25920,0.0
25927,4.598059155392926
25929,0.0
25930,-3.101564669721437
25935,0.0
25937,0.0
25940,0.0
25973,0.0
25980,0.0
25983,0.0
25986,0.0
26013,0.0
26024,0.0
26030,1.3654387934447403
26033,0.0
26037,0.41765799628027267
26048,0.0
26065,0.0
26072,1.338104048135886
26074,0.0
26078,0.0
26081,0.39325575272389557
26084,-0.5786598691620419
26101,13.140678432460524
26108,0.0
26114,0.0
26125,0.0
26126,0.0
26132,0.0
26137,0.0
26139,-2.755502460099022
26141,0.0
26148,0.0
26152,-0.928002417891225
26155,0.500433098386333
26158,3.151215278149527
26161,0.0
26162,0.0
26165,-1.721768024357262
26167,1.195826076335484
26186,0.0
26198,0.0
26199,0.0
26200,0.0
26204,0.0
26209,0.0
26210,0.0
26211,0.0
26215,-5.2061626848055
26238,0.47400974068720103
26257,0.0
26259,0.0
26263,0.0
26271,1.3059121966598095
26276,0.0
26280,0.0
26281,0.0
26285,0.8578378157931148
26290,0.0
26297,0.0
26298,0.0
26300,-1.1575939976663072
26301,0.0
26313,-12.489421273418843
26316,0.0
26321,1.000235960927272
26330,0.0
26332,0.0
26334,0.0
26335,-2.0437561165023013
26337,0.0
26342,0.0
26344,0.0
26364,0.0
26367,0.0
26370,0.0
26391,1.9464257630250668
26395,0.6688358170587705
26401,0.0
26403,0.0
26411,-2.997105451737605
26412,0.0
26413,-0.533968495287942
26424,0.0
26427,0.0
26430,-0.41781630796010916
26438,0.774417703790057
26439,0.0
26445,0.12092723854757637
26446,0.0
26455,0.0
26457,0.0
26458,0.0
26461,0.0
26462,4.283274374874804
26481,0.0
26482,-2.0929892279951634
26487,-1.8971797394651642
26491,0.0
26497,0.8947791583267275
26511,0.0
26520,0.0
26521,0.0
26529,0.0
26530,0.0
26535,0.0
26536,3.333507535323921
26537,3.9873813748432543
26538,0.0
26545,3.264256312966621
26548,2.913337717983346
26559,-1.965778781238253
26572,5.057253434444723
26573,0.0
26574,-0.3843845100550176
26592,0.0
26614,0.0
26620,0.0
26624,0.0
26625,0.0
26628,-0.6076108316084117
26633,0.0
26634,0.0
26649,0.0
26660,-0.85272529327675
26662,5.931062341225758
26665,0.0
26673,0.0
26695,0.0
26700,0.0
26704,0.0
26707,0.0
26710,3.2278347287082454
26725,-5.424005326832175
26729,0.26274518493723065
26731,-0.1011697558890603
26737,0.0
26748,-0.06002117519165928
26754,0.0
26756,-2.6813452871574803
26758,0.0
26767,0.0
26768,0.0
26770,0.0
26785,0.0
26788,0.0
26791,0.0
26794,2.5976976017221
26807,0.0
26808,-0.07233587613766446
26810,-0.5616324071770133
26811,-1.1255860883519961
26813,0.0
26839,0.9654266494185251
26849,0.0
26851,1.321721418139287
26856,0.9654266494185286
26858,0.0
26859,-0.21268129424549542
26864,0.0
26869,0.0
26880,0.0
26886,-4.473274616902351
26891,-1.5048486657819264
26892,0.0
26919,1.4343585931648768
26922,0.8867138102797512
26923,0.0
26941,2.6850003233155046
26951,0.0
26953,0.4238010491920683
26962,0.0
26969,0.0
26980,0.0
26989,0.0
26999,-3.6919910155621807
27007,0.0
27015,2.918306934458906
27041,0.0
27050,0.0
27053,0.0
27061,4.738954812489556
27072,-0.20853396697976834
27079,0.0
27086,0.0
27090,0.22864085396252065
27095,0.0
27099,-0.7301298362939583
27104,0.0
27114,0.0
27120,0.0
27126,0.0
27127,-4.706722592583786
27136,0.0
27146,0.0
27149,0.0
27154,0.0
27157,0.0
27164,0.0
27167,-0.27839664588394086
27171,-1.5109808595122391
27172,0.0
27176,0.0
27179,0.0
27180,-0.9057216037774509
27184,0.0
27185,0.0
27186,-2.188489442699744
27189,0.0
27196,0.0
27200,0.0
27207,0.0
27212,0.0
